FileName,MFCC0,MFCC1,MFCC2,MFCC3,MFCC4,MFCC5,MFCC6,MFCC7,MFCC8,MFCC9,MFCC10,MFCC11,MFCC12,SpectralCentroid,SpectralSpread,SpectralRolloffPoint,PitchMean,PitchStd,gender
trimmed_common_voice_en_41917356.mp3,-269.62985,92.85637,19.514679,5.5602384,-30.373314,-12.890478,-13.9288,-3.5693066,-10.967702,-9.704109,-5.0550056,-5.709628,-11.929115,1827.7309387972696,1498.0668831057794,3117.063492063492,154.0775503118769,10.301468664949716,female
trimmed_common_voice_en_41917357.mp3,-252.01808,88.853096,-16.074986,-3.1304777,-24.460024,-14.976668,-15.248145,-9.262653,-13.294142,0.98886037,-16.433416,1.867191,-18.0286,1878.3028994262597,1585.6062807619464,3281.001984126984,167.7581686604367,13.592028826983979,female
trimmed_common_voice_en_41917358.mp3,-275.7125,93.03497,1.0878443,26.95035,-15.358059,-15.917156,-10.523584,-3.8725514,-3.6957695,-5.982579,-4.5932274,-5.6974583,-5.9575677,1720.9820288921235,1361.2751635268387,2947.9166666666665,162.99413204043987,13.049889039816604,female
trimmed_common_voice_en_41917359.mp3,-270.40717,43.533165,-18.939972,18.281357,-30.120659,-0.3022906,-12.042632,-4.28603,-8.362154,-2.7348425,-10.378957,-2.2967994,-8.027384,2468.3647269995886,1539.7720880420625,4013.6408730158732,175.29100468288775,11.314952208377303,female
trimmed_common_voice_en_41917360.mp3,-255.28583,37.5471,5.169532,15.152626,-36.517147,-10.660134,-17.725838,-5.7588487,-16.167562,-5.007271,-13.744877,-3.0535638,-4.861529,2507.045542689904,1722.0628130022808,4379.464285714285,180.24746018589448,14.606023398899216,female
trimmed_common_voice_en_41917361.mp3,-209.73462,89.05924,-8.2892275,17.140568,-32.961975,-0.92128986,-16.209967,-7.0599713,-9.00887,-9.21854,-13.210326,-6.403377,-2.2764041,1868.9103237384195,1549.8942186585086,3492.311507936508,163.68213937023003,14.78148947131604,female
trimmed_common_voice_en_41917362.mp3,-263.36563,114.15794,-12.869019,17.36282,-39.749943,-6.8062086,-0.2609736,-14.849374,-7.190353,-11.30557,-12.370635,-5.60851,-4.304247,1382.2072082937202,1289.916043428714,2429.811507936508,159.19075304883643,13.829079433034511,female
trimmed_common_voice_en_41917363.mp3,-273.94653,96.59537,-0.5570377,8.570903,-13.22821,-5.340771,-21.562366,-16.55892,-1.3879311,-9.124878,-6.855142,-2.1133635,-9.724594,1782.730167846616,1551.1620486402544,3232.1428571428573,143.72487612702824,5.326068837757504,female
trimmed_common_voice_en_41917364.mp3,-365.60306,61.67942,34.94815,25.400105,-18.281038,-23.301615,-14.170575,-10.657899,-4.769689,8.073067,-10.602161,-5.3334785,-8.367358,2324.1122513760306,1483.1051907472463,3698.1646825396824,155.17414286271529,18.740412462003192,female
trimmed_common_voice_en_41917365.mp3,-267.86935,133.60863,17.557436,22.58311,-9.52566,-22.508398,-15.866735,-16.67248,-11.283282,2.3676512,-6.3225784,-5.5572677,-8.580995,1295.628594551417,1198.1870377514163,2150.0496031746034,151.1544671978053,9.460859932111285,female
trimmed_common_voice_en_41917366.mp3,-305.33716,112.28558,19.294685,17.794937,-11.506038,-19.74614,-19.76293,-16.362995,-12.780413,-1.694396,-5.653567,-6.0720234,-11.507652,1517.6513591502069,1331.025578478005,2624.751984126984,150.06703350720105,8.421402054044055,female
trimmed_common_voice_en_41917367.mp3,-248.25792,118.107124,5.8387017,6.686249,-23.904465,-10.9299345,-16.66408,-17.054394,0.85629076,3.171187,-8.368718,-15.681675,-1.7579861,1345.9492678853871,1367.7076500962469,2331.845238095238,151.60367351781605,9.56721985252699,female
trimmed_common_voice_en_41917368.mp3,-255.9295,101.87926,26.108936,38.527863,-12.755514,-20.30059,-8.981176,-25.104412,-1.9342993,-3.3131359,-6.474217,-6.7173676,-0.95082915,1442.943666305931,1493.3796995879034,2677.3313492063494,153.1634214922947,12.252103958873997,female
trimmed_common_voice_en_41917369.mp3,-249.70401,104.48111,28.070456,26.35198,-19.669025,-8.235606,-20.428425,-14.245085,-5.4761195,-7.1539016,-0.20206536,-5.0493226,-0.35566983,1443.004427371271,1391.0343534117726,2529.5138888888887,153.01322637570115,9.541977621951222,female
trimmed_common_voice_en_41917370.mp3,-252.36937,104.38371,11.654522,-0.11831941,-13.617747,4.3912992,-19.019869,-20.817661,1.9170454,1.939701,3.4623911,-11.253208,-10.152093,1609.1035786232276,1625.5349615570685,2969.9900793650795,143.0644407605999,10.66181385161409,female
trimmed_common_voice_en_41917371.mp3,-221.3183,98.544815,18.979649,7.677852,-8.218653,-22.578608,-14.388314,-15.613227,-9.116586,-4.289548,-3.6734302,-11.9757,-7.2323966,2072.7542051883306,1599.9516042917069,3471.2301587301586,147.66706760163433,10.350698469208472,female
trimmed_common_voice_en_41917372.mp3,-259.91882,107.376495,-9.032787,48.32803,-20.081291,-23.009348,-19.139444,-23.960308,-2.7143443,-6.0479608,-7.888886,-9.692894,-2.8781323,1438.436844116086,1343.6940117727956,2673.1150793650795,154.4167510982407,19.515843013448897,female
trimmed_common_voice_en_41917373.mp3,-279.1126,65.05223,43.095734,22.589968,-16.97629,-6.7243967,-20.957474,-17.887392,-5.435733,1.3446524,-2.1141386,-3.947334,-11.80337,2170.124019555206,1700.1998169680708,3712.0535714285716,149.55230747663492,15.116778182510863,female
trimmed_common_voice_en_41917374.mp3,-242.91217,117.682465,-9.038373,-3.917578,-25.878904,-3.9093773,-18.679674,-20.392729,-0.8880693,2.5133963,-8.796871,-13.056104,-6.40761,1710.5368860125873,1329.0877515345148,2885.1686507936506,168.34278133762942,19.472269770011778,female
trimmed_common_voice_en_41917375.mp3,-285.67776,109.71212,24.800465,11.068545,-21.348585,-3.3117025,-30.509974,-16.780138,-4.106265,-8.660895,-10.816841,-5.348607,-5.9425726,1622.0778921749259,1317.7218534399162,2620.0396825396824,155.3283721116763,13.13813936930437,female
trimmed_common_voice_en_41917376.mp3,-239.99353,94.32896,-3.154332,25.235008,-8.985508,-16.3912,-28.257593,-4.2505326,-8.713994,-3.1885335,-8.800135,-6.678324,-2.0784557,1679.4537845239602,1420.8760063493219,2951.6369047619046,139.46311774057352,5.360471996859833,female
trimmed_common_voice_en_41917377.mp3,-285.90976,85.680374,37.065742,31.70048,-16.054676,-10.683249,-31.28208,-6.295347,-10.227836,-6.521174,-7.8167715,0.8971436,-2.283005,1818.5051820697954,1429.918148394642,3038.938492063492,156.24323706107955,13.887876578760451,female
trimmed_common_voice_en_41917378.mp3,-432.221,69.01619,7.5702887,14.404381,-4.0356402,-2.7694201,-15.377157,-3.4906063,-2.0821211,-2.5796294,-2.4389935,-2.2707963,-3.0460408,1828.7780789354647,1594.1424378886438,3401.0416666666665,140.33084824049246,9.983185408279281,female
trimmed_common_voice_en_41917379.mp3,-400.07825,84.09285,12.170847,28.474714,-8.258766,-8.735792,-14.531596,-13.794479,-6.8479886,-4.614991,-2.240093,-0.63664013,-6.756985,1616.051603217211,1408.6842521487683,2805.059523809524,167.0941168055129,29.80243003348652,female
trimmed_common_voice_en_41917380.mp3,-251.72427,117.32023,-18.6658,25.671667,-12.814618,-15.956916,-22.621262,-15.049842,-2.4744434,1.3522259,-4.2865896,-7.8785996,-9.782666,1477.3932981817538,1306.3219913232329,2610.3670634920636,152.32873373107424,11.90358806657021,female
trimmed_common_voice_en_41917381.mp3,-297.28894,128.84615,13.869229,-2.8294985,-22.936401,3.2194428,-18.899498,-22.35047,2.8184533,-4.9749417,-4.5250406,-4.709934,-11.854068,1190.5378212156024,1292.3518092155957,1890.873015873016,144.87691959078967,8.564517844133945,female
trimmed_common_voice_en_41917382.mp3,-340.7942,96.94141,7.3081937,-15.278844,-23.404465,4.849205,-15.891538,-13.218247,-0.27823237,-0.10263331,-2.91175,-4.4092803,-7.9305305,1826.2253182954823,1408.9112167199944,2941.468253968254,147.16010108293216,7.977659994423718,female
trimmed_common_voice_en_41917383.mp3,-256.05347,98.05401,32.3132,36.966297,-11.038584,-8.378544,-25.51197,-17.144913,-14.163257,-4.969795,-4.946507,1.5218501,-13.466495,1416.823333406234,1485.3075555374198,2546.1309523809523,150.00397140114168,8.469253484371755,female
trimmed_common_voice_en_41917384.mp3,-287.04163,92.01513,12.726946,15.796084,-10.245594,-4.0749674,-20.146017,-11.682351,-11.139884,-13.149372,-7.478914,-0.9172226,-8.542813,1744.1606874610823,1429.1233130762446,3090.029761904762,161.60096705260108,13.813303356915624,female
trimmed_common_voice_en_41917385.mp3,-277.11768,100.37874,6.4184637,12.798163,-9.12288,6.471242,-16.776573,-24.456099,-2.3492916,-11.18833,-11.739103,-1.4637252,-4.676542,1703.447001019572,1387.9205589228782,2951.3888888888887,150.78486866032063,10.44579050109208,female
trimmed_common_voice_en_41917386.mp3,-235.76382,101.97092,6.160063,28.79038,-6.738102,-9.650769,-18.476784,-22.713957,-7.1522655,-11.373439,-16.272022,-1.0964904,-4.355961,1678.5195035803067,1376.1047451349834,2855.654761904762,155.13022924185427,11.662910136647968,female
trimmed_common_voice_en_41917387.mp3,-246.74878,133.91371,-0.9999001,9.545166,-9.8328085,2.124285,-17.786762,-29.41138,0.24388586,-6.968496,-9.558182,-0.7813843,-10.808302,1260.3826138174159,1240.0077243810538,2074.404761904762,146.30022420841013,8.800883788951015,female
trimmed_common_voice_en_41917388.mp3,-247.99825,94.68203,23.69306,49.99927,-9.156788,-11.104668,-11.12008,-26.70191,-14.5528755,-15.482904,-10.876589,-1.0767597,-4.2896037,1443.1201822342841,1376.1902167976273,2626.7361111111113,151.72594887789023,9.124014944596455,female
trimmed_common_voice_en_41917389.mp3,-241.2577,102.74409,4.1526113,31.523201,-9.044411,-9.6321945,-17.247547,-20.063316,-11.097516,-13.882587,-7.6621294,1.2236549,-7.446389,1601.4452402734173,1328.9329560089097,2676.5873015873017,146.9453076288954,7.731183850911151,female
trimmed_common_voice_en_41917390.mp3,-274.34995,100.43168,11.066484,16.714598,-15.011878,3.8178244,-13.192244,-22.16566,-11.724988,-10.671843,-5.34299,-2.9617531,-9.462025,1590.4403420990482,1454.4593728344946,2788.4424603174602,162.05084085178004,23.75285237132653,female
trimmed_common_voice_en_41917391.mp3,-305.2451,130.76811,7.987698,4.978038,-5.2751822,-8.612147,-4.962446,-29.222805,-8.571758,-14.104837,-6.240505,1.4228194,-5.755897,1377.6337683609468,1324.9694061647763,2427.3313492063494,146.67777869776864,11.816720291179399,female
trimmed_common_voice_en_41917392.mp3,-236.60759,85.26742,10.247143,26.884926,-9.031881,-2.128761,-16.165127,-16.521727,-13.382811,-9.663064,-12.481497,-1.8709095,-4.790195,1795.3438959590733,1543.1886416204309,3215.7738095238096,152.1047257312821,14.540375037438055,female
trimmed_common_voice_en_41917393.mp3,-269.20444,111.56972,14.409499,28.448225,-12.978527,-5.9062586,-12.921857,-23.452883,-16.473001,-15.304641,-10.542596,2.8028378,-9.611475,1347.10751434901,1247.2719209474412,2421.875,151.95029709755337,14.94544789197866,female
trimmed_common_voice_en_41917394.mp3,-246.51991,90.56854,17.922182,15.273413,-6.5372653,-4.6487627,-19.276232,-16.70643,-9.717152,-10.905648,-6.4104404,-1.9393809,-8.317982,1713.0375365763355,1645.1556920539563,3098.214285714286,152.22809441171822,14.64709393805536,female
trimmed_common_voice_en_41917395.mp3,-236.46881,89.991005,-3.3125155,16.80077,-15.500976,-4.530821,-19.731205,-19.697027,-10.808459,-7.3979487,-8.3244295,-4.016338,-7.201664,1922.7006714538823,1414.4664484414225,3274.8015873015875,157.2201113404736,13.524167920234735,female
trimmed_common_voice_en_41917396.mp3,-248.67358,122.65579,5.753223,9.541028,-18.952032,6.4468565,-16.740896,-22.021786,-2.2335856,-13.6808815,-8.075417,2.2118979,-4.7879076,1375.3833318271297,1314.789972285283,2408.4821428571427,148.16622621538684,7.6289094191470905,female
trimmed_common_voice_en_41917397.mp3,-303.41388,88.687294,6.9709153,19.349762,-9.037648,-12.741085,-12.440992,-11.393958,-7.9698544,-8.249412,-10.130778,-1.9816877,-3.2912595,1657.1601738561635,1322.2282866427734,2801.09126984127,155.3580046536063,12.817577349279919,female
trimmed_common_voice_en_41917398.mp3,-352.73615,105.78909,-1.1047856,-2.4452627,-7.9462314,0.43662953,-6.6906857,-20.738024,-2.1512122,-8.667919,-6.5026073,-4.130483,-5.470203,1476.3511956820532,1319.6782333937263,2600.4464285714284,143.4449829780393,13.846056510907921,female
trimmed_common_voice_en_41917399.mp3,-254.54283,95.23328,25.698057,36.91979,-4.694553,-12.3477545,-14.678605,-8.202222,-18.29286,-22.557419,-5.014435,5.6798987,-3.8700316,1702.3188992098524,1432.8035371390786,2884.6726190476193,142.14254300430935,4.193078777185325,female
trimmed_common_voice_en_41917400.mp3,-316.20895,104.33779,-2.537959,25.185402,-7.5281024,-8.11118,-13.253172,-20.595366,-13.031049,-15.344314,-5.5065265,-2.8129995,-1.2296919,1303.8979388645016,1316.9540632410844,2509.6726190476193,160.2900917453246,18.349802196634002,female
trimmed_common_voice_en_41917401.mp3,-285.94852,121.763855,-49.249916,12.784554,-9.249642,1.7946084,-25.194578,-18.461735,-0.09647416,-0.10033135,-10.119826,-8.850374,-9.265267,1481.2658264621632,1189.591371336542,2567.9563492063494,152.93819249966828,6.259919195348167,female
trimmed_common_voice_en_41917402.mp3,-295.0177,92.964165,7.0992627,-1.5843008,-9.916166,-2.961728,-29.19992,-25.259935,-6.2564464,3.087473,-2.9654615,0.61353,-4.112385,2123.676848535503,1498.639893993332,3525.0496031746034,156.34455656679341,8.179308400820771,female
trimmed_common_voice_en_41917403.mp3,-444.37222,53.467426,4.2836413,-6.899205,-18.14742,6.690286,-14.770478,-11.440421,5.0849395,-1.3017435,-7.1914697,0.62967616,6.2847285,2269.4554987706147,1554.366885197224,3791.1706349206347,144.996204405732,2.2941203644970374,female
trimmed_common_voice_en_41917404.mp3,-298.98196,123.11601,3.3730826,30.496727,-20.954525,-8.52171,-20.946617,-22.293644,-13.602843,-0.1887606,-0.6050686,-10.117471,-4.854063,1206.4906042056384,1236.8350985725892,2058.779761904762,161.96522364160361,12.596157980550542,female
trimmed_common_voice_en_41917405.mp3,-314.80444,111.60987,5.8678174,34.725315,-22.196096,-16.24566,-17.940414,-21.485712,-12.193193,1.2163023,-0.6545896,-7.7015257,-4.5922,1183.147397584839,1197.2013147995215,2177.3313492063494,153.87653524701295,14.780458118324354,female
trimmed_common_voice_en_41917406.mp3,-278.14334,99.12972,-9.118596,18.611197,-25.434683,7.299678,-35.761917,-17.371325,1.7183654,0.19653635,6.666889,-14.971595,3.7922344,1738.9648375130864,1402.362128047983,2953.8690476190477,156.23944698211864,12.285400834116603,female
trimmed_common_voice_en_41917407.mp3,-225.4152,85.48664,12.896516,31.60818,-16.735588,-9.538769,-31.833294,-9.71907,-13.902074,4.5312514,-5.0567493,-7.9082217,-1.1513997,1868.2729793535202,1495.0102468845935,3217.0138888888887,144.7441641202304,7.148319781968232,female
trimmed_common_voice_en_41917408.mp3,-263.36713,88.19253,20.568907,19.326641,-21.11125,-6.8364058,-25.440214,-12.960299,-13.381726,3.7351494,-3.02207,-8.636466,-4.1625853,1899.8616063200802,1429.2242626754228,3162.4503968253966,147.39236079368166,12.365299610101285,female
trimmed_common_voice_en_41917409.mp3,-292.6215,65.83951,16.912073,17.279259,-12.777619,-6.5647917,-19.266973,-10.177434,-23.13285,1.3519747,-6.570554,-3.3999352,-5.008146,2239.920154672146,1590.0857580833099,3754.464285714286,152.43071730639383,8.679350357114942,female
trimmed_common_voice_en_41917410.mp3,-269.62308,100.321724,20.075367,50.660954,-22.22943,-13.666223,-11.216615,-19.077423,-20.72984,-7.190594,8.610985,-11.11804,-0.26931766,1329.3022238408141,1357.3203470136475,2533.7301587301586,156.11239602445667,9.712836502363333,female
trimmed_common_voice_en_41917411.mp3,-241.5396,93.56418,2.9409232,9.5683,-21.577871,2.278021,-17.169155,-21.332443,-9.070735,-0.8259134,-0.7593513,-3.9768305,-5.1620545,1766.008853333989,1502.2939297724722,3111.1111111111113,148.01842491801727,6.070746292709533,female
trimmed_common_voice_en_41917412.mp3,-261.65814,100.1207,5.0188665,37.87882,-12.480646,-11.966935,-22.017931,-25.543997,-13.086268,-3.7399828,0.8888434,-11.977182,2.200653,1361.1079571346581,1396.5899042533526,2551.09126984127,142.71519301154095,8.50820859305761,female
trimmed_common_voice_en_41917413.mp3,-254.68324,85.23628,27.58674,35.90612,0.3310333,-8.172166,-25.767054,-13.255408,-20.298933,-2.5131052,-3.021761,-1.9555806,-0.8785176,1901.867011944641,1503.2917674920598,3297.6190476190477,144.46686445489385,4.726048971400671,female
trimmed_common_voice_en_41917414.mp3,-242.66483,97.054825,21.37406,-0.3797507,-24.266233,-0.74006337,-24.102068,-17.568502,-14.846174,-3.3616724,1.2838588,-8.753641,-8.891651,1887.4896548522988,1441.1769965738172,2965.029761904762,138.42432334274585,25.65956075847832,female
trimmed_common_voice_en_41917415.mp3,-325.56265,45.82649,-0.3064274,24.797861,-8.837141,-5.6317234,-14.464098,-5.914063,-7.169676,-8.653577,-4.212058,3.5720572,-1.9804109,2248.123482615968,1641.5920542153128,4050.843253968254,145.12900784951418,4.0886216223462615,female
trimmed_common_voice_en_41917416.mp3,-221.7925,99.23873,-9.333079,16.885338,-9.810338,-8.212275,-10.8425455,-16.817844,-12.372437,-3.6373472,-15.112801,5.864306,-13.129227,1682.82259832376,1496.1701487647363,3102.4305555555557,159.71196955321656,15.680298135636226,female
trimmed_common_voice_en_41917417.mp3,-253.78592,116.037155,-14.84141,24.986256,-1.6030171,-2.0095494,-18.16761,-19.556316,-9.642801,-5.564352,-9.416173,-6.0720015,1.3196727,1326.2036894511048,1297.8804213330402,2408.7301587301586,153.264595929682,12.509850594888695,female
trimmed_common_voice_en_41917418.mp3,-271.4086,98.69069,10.647856,20.485525,-5.7664223,13.552547,-31.56625,-11.084441,-15.69983,-9.800179,-8.772459,-8.143937,4.0271797,1567.3736986675112,1418.0957016092823,2843.253968253968,158.25702730428003,16.081704038841103,female
trimmed_common_voice_en_41917419.mp3,-246.1479,117.078186,-31.40434,45.8579,-1.862787,-4.382786,-13.208933,-26.276405,-11.784939,-12.956009,-4.4371047,-10.610901,-8.900206,1282.1394529769236,1205.2550789854486,2336.8055555555557,151.23281872847448,13.914245723657974,female
trimmed_common_voice_en_41917420.mp3,-282.70245,102.55186,-19.838959,22.733486,-19.424416,11.548137,-21.171024,-8.332996,-5.639407,-7.955243,-8.560407,-2.6830266,-1.9833343,1516.3196772833378,1301.6421107401773,2641.121031746032,151.87850650473263,11.329611383221243,female
trimmed_common_voice_en_41917421.mp3,-326.2061,142.0901,5.268233,10.275377,-7.69379,2.236264,-9.1814,-23.006828,-5.641486,-16.928484,-5.5031314,-5.142941,-3.784413,1022.898329255753,1115.0476688261492,1648.561507936508,153.3266890199373,9.406153624581142,female
trimmed_common_voice_en_41917422.mp3,-372.15192,119.66129,-14.688073,27.543924,-11.457701,-1.0274266,-7.0693426,-19.097282,-0.14872052,-5.9126887,-6.1840773,-6.766035,-4.922918,1282.7983183101574,1200.2826656119532,2282.9861111111113,148.88580578417333,10.451917480150922,female
trimmed_common_voice_en_41917423.mp3,-254.76967,111.04085,-17.2417,36.923855,-12.345797,-15.353225,-20.553555,-11.936369,-14.997399,-3.1741652,-1.1994894,-7.953557,-3.1708412,1484.7937555140106,1209.0443286727677,2575.3968253968255,151.45332929016246,16.730862286247156,female
trimmed_common_voice_en_41917424.mp3,-262.88525,78.854675,11.410321,15.546987,-6.789545,-0.20064,-25.343904,-8.847688,-14.529077,0.46003038,-6.7661047,-4.8092756,-1.0409658,1857.235583335272,1615.3137460738742,3261.904761904762,163.2114391303041,27.479734003574613,female
trimmed_common_voice_en_41917425.mp3,-240.72696,87.1494,3.917983,13.978844,-22.87232,4.5559034,-26.709208,-5.910886,-11.585377,-2.9349587,-3.4737103,-8.658702,-2.3541832,1832.2005787660519,1593.0786479818855,3375.9920634920636,152.7940950757196,12.218088719110161,female
trimmed_common_voice_en_41917426.mp3,-213.62053,117.156975,-8.977575,22.385061,-20.773813,1.7307017,-21.634958,-9.192477,-7.3674664,0.6211675,-3.5551553,-11.230331,4.0352416,1411.47998187614,1409.797407478233,2656.498015873016,152.20975823058615,10.765585063220264,female
trimmed_common_voice_en_41917427.mp3,-278.53342,101.482414,13.648984,28.339302,-9.657985,-4.9016976,-19.802649,-17.365932,-13.848797,-13.77208,-1.4326508,-3.4088335,-8.72156,1339.8111930351538,1418.2950123792482,2476.686507936508,163.64208183787335,22.363942570974277,female
trimmed_common_voice_en_41917428.mp3,-385.27136,119.55938,7.7979765,-7.911047,-21.64412,-10.428562,-6.1292543,-24.012455,-4.664777,-2.6619365,-8.550036,-4.7410617,0.8091027,1247.4542904264538,1137.8229102249195,2074.9007936507937,146.3802040939641,15.66079190741954,female
trimmed_common_voice_en_41917429.mp3,-321.0846,135.46652,-23.780996,12.908977,-27.898148,-12.249235,0.74486923,-12.971494,-1.7540772,-9.555584,-3.194887,-12.177413,1.6059445,1171.2042135857162,1044.9998287034975,2102.1825396825398,155.52332111902163,14.654194475271776,female
trimmed_common_voice_en_41917430.mp3,-293.49478,97.72662,-2.5375056,16.221529,-36.805378,-5.021293,-4.741421,-12.629708,-1.5374554,-17.044268,-1.538096,-13.005013,-4.0745726,1730.4434924357736,1373.1704811670445,3085.565476190476,160.00535941057692,14.876197468645676,female
trimmed_common_voice_en_41917431.mp3,-232.90575,95.38289,1.628833,51.31229,-23.92899,-14.883172,-14.803231,-3.7798743,-7.4875097,-10.496853,-12.179942,-9.306992,-7.6869016,1654.9161265565829,1312.835820204364,2875.248015873016,147.8370691899613,8.612546231571114,female
trimmed_common_voice_en_41917432.mp3,-380.11026,82.742874,-17.288597,8.315696,-16.226875,0.66093594,-13.870098,-6.022699,-1.789836,-6.390926,-11.545916,-2.484345,-3.8353415,1877.4607960133196,1570.9789680980198,3547.6190476190477,145.54589330051047,7.61734438670214,female
trimmed_common_voice_en_41917433.mp3,-257.51926,108.17752,-2.9920158,8.30379,-22.320326,-8.461881,-9.979764,-7.868832,-3.5493016,-10.460708,-12.521564,-2.0284638,-5.179965,1694.1524307618704,1331.0509020307215,2840.7738095238096,146.19498595929312,10.242210295800117,female
trimmed_common_voice_en_41917434.mp3,-223.11508,96.832855,1.0449582,27.210503,-11.088209,-12.000914,-3.5409586,-10.990174,-1.0210389,-12.320473,-14.1543255,-7.1996737,-11.147163,1607.0213561230998,1475.6842979755952,2889.6329365079364,153.22040201148496,12.08598232903103,female
trimmed_common_voice_en_41917435.mp3,-269.68695,106.18278,12.735556,6.0728555,-16.856073,2.152224,-16.861553,-11.650377,-5.292516,-8.219092,-20.247316,-0.95489556,-7.4853754,1741.0279380055097,1408.443199272435,2844.4940476190477,163.94563124217623,16.51475027845209,female
trimmed_common_voice_en_41917436.mp3,-351.98868,101.383606,-1.9765518,17.831564,-17.271645,-1.4098693,-10.19483,-15.696943,-2.2857006,-9.887495,-12.885249,-8.315385,-9.080738,1481.7932102120317,1315.394709173977,2510.9126984126983,159.0847712140241,15.458239597516165,female
trimmed_common_voice_en_41917437.mp3,-286.98007,91.6922,5.1623073,20.888094,-20.718266,-5.8959656,-9.871007,-14.766359,-5.837459,-9.696194,-15.929359,-5.7788415,-10.938987,1690.450853510924,1323.0093224166258,2763.6408730158732,154.7570491506119,13.000495701321782,female
trimmed_common_voice_en_41917438.mp3,-237.60045,111.451706,0.11277601,12.694654,-22.369053,-5.3722906,-12.390985,-16.99379,-7.3725576,-8.225135,-15.2622175,-6.2559056,-11.71283,1552.2858417455059,1394.8730448818437,2707.093253968254,159.26792611356802,10.824473351690397,female
trimmed_common_voice_en_41917439.mp3,-289.96017,139.06859,-5.909989,14.198765,-17.01916,-6.164304,-5.3192425,-20.558125,3.2328258,-5.4557824,-19.22584,-2.775088,-15.345079,1092.9902851160416,1130.2703220708454,1966.0218253968253,153.8632403343462,7.779905726282016,female
trimmed_common_voice_en_41917440.mp3,-260.4698,127.334465,-24.082285,8.022226,-22.15697,-9.547915,-7.1569495,-18.13322,-4.0794663,0.16662025,-12.976812,-1.0721265,-13.039644,1262.4954182832628,1148.3887259918172,2296.378968253968,154.14290585098027,10.112316938700687,female
trimmed_common_voice_en_41917441.mp3,-362.91672,107.25294,-13.349027,3.675768,-8.330821,-4.5154834,-10.471056,-11.325438,-3.853672,-4.1580467,-12.710587,-2.5370858,-8.53929,1605.0774992005408,1337.7917419487596,2875.7440476190477,152.96035491246104,11.189809323100285,female
trimmed_common_voice_en_41917442.mp3,-271.5413,110.06011,18.261688,-16.115664,-36.367138,5.231353,-10.38789,-2.0868313,-4.8405356,-10.156485,-14.635581,2.9636443,-12.404149,1824.7407074612743,1291.2745791691282,2847.222222222222,148.3096611182149,11.299207794745145,female
trimmed_common_voice_en_41917443.mp3,-264.65698,130.6119,-8.19224,11.482022,-30.338352,0.17277703,-13.509727,-12.2034645,-2.6645238,-7.377235,-13.453913,-3.6416578,-9.7597885,1383.5364596674228,1205.2883475810359,2426.09126984127,144.5176215873612,7.462187896887917,female
trimmed_common_voice_en_41917444.mp3,-279.2191,113.82638,-2.6372871,-6.1624217,-25.772367,-1.2103846,-10.21438,-18.610022,-5.0869303,-2.8458307,-18.652843,-1.8708862,-6.3949842,1662.3031906417914,1162.5286501464568,2554.315476190476,149.1459829191442,7.2196695180623385,female
trimmed_common_voice_en_41917445.mp3,-224.78061,112.819145,0.5846396,20.537607,-19.317482,-8.176253,-16.274364,-16.44769,-6.1255393,-9.602783,-15.646599,-7.6443577,-8.251514,1586.550850658821,1307.0103436008087,2699.156746031746,151.68372226847967,6.701686218990014,female
trimmed_common_voice_en_41917446.mp3,-299.0672,66.659966,11.459514,4.763917,-22.162838,-6.091789,-9.636409,-6.4299703,-11.711547,-1.6078715,-10.584685,-6.3540473,-6.863325,2246.5164475035226,1564.9288464017245,3799.6031746031745,166.88185149921517,12.288579577851598,female
trimmed_common_voice_en_41917447.mp3,-272.8163,111.215485,-10.46949,23.369219,-12.716698,-17.235075,-10.658609,-13.271577,-2.3815565,-3.4453123,-18.616915,-6.190153,-3.6612897,1560.1292153603174,1313.4346869668163,2776.0416666666665,165.4612820485968,14.490590513776157,female
trimmed_common_voice_en_41917448.mp3,-238.08705,83.33561,7.374549,25.565723,-16.947617,-10.478407,-11.786697,-6.354357,-11.356996,-7.431614,-11.89632,4.328893,-17.9075,2117.081808951015,1518.365601694813,3564.7321428571427,152.38173712497772,5.9243697559112185,female
trimmed_common_voice_en_41917449.mp3,-280.9505,107.0681,4.3343906,6.6190324,-19.330029,3.3011103,-14.266441,-9.72221,-3.6946163,-11.838103,-10.218199,-2.6712883,-10.921506,1585.6764801239074,1370.293409040904,2738.095238095238,150.58994774230553,9.721697967717754,female
trimmed_common_voice_en_41917450.mp3,-212.68805,103.72883,-7.845723,21.838808,-14.852999,-6.0138335,-15.788369,-9.396374,-0.9296977,-8.153072,-16.016422,-3.0401108,-7.0590043,1800.9203389525783,1365.2766921461387,3074.156746031746,150.44528956001793,10.709386624003285,female
trimmed_common_voice_en_41917451.mp3,-243.65622,95.679214,3.881756,16.489275,-25.981953,6.273344,-17.931524,-16.941948,-4.005546,-7.157262,-15.804026,-5.1031632,-10.3226595,1881.8994657565975,1429.1723682716831,3175.347222222222,159.93077537652383,14.379041824139229,female
trimmed_common_voice_en_41917452.mp3,-270.66574,116.4318,-26.346533,16.952976,-38.121502,-9.768417,-1.4276474,-9.609657,2.4609153,-9.839034,-8.07841,-3.7804368,-2.2760372,1382.3943304553566,1151.3048900048357,2412.4503968253966,154.67197970071484,14.402327976223926,female
trimmed_common_voice_en_41917453.mp3,-242.53088,100.79733,3.4606333,23.63711,-22.303679,1.5639837,-22.483953,-5.939656,-2.276378,-11.626694,-14.957488,-6.515702,-6.703228,1682.1383183800062,1429.9487741960347,3081.3492063492063,162.79922034768643,14.110509917140666,female
trimmed_common_voice_en_41917454.mp3,-234.0157,114.9954,9.58665,22.729095,-18.869007,-6.8219423,-13.977066,-4.3664136,-7.340301,-11.730454,-13.508726,-5.375445,-6.014186,1495.9140510142938,1284.448434041878,2557.2916666666665,149.0149956725347,11.795396635434255,female
trimmed_common_voice_en_41917455.mp3,-242.63414,104.95961,7.6372776,24.4737,-20.119303,-13.009899,-13.424898,-18.42939,-7.205255,-12.858375,-17.040396,-11.534494,-9.424255,1540.1441670827364,1395.9074691526541,2750.0,167.8364405788335,20.689508977492856,female
trimmed_common_voice_en_41917456.mp3,-260.7224,102.859055,26.26101,8.880822,-23.779684,-0.26667985,-13.194194,-9.408284,-5.6918426,-12.847833,-15.766718,-4.5682826,-10.067861,1747.7153417252684,1255.684384944022,2816.468253968254,145.74237311077982,7.216477941863943,female
trimmed_common_voice_en_41917457.mp3,-250.98717,92.01738,4.012539,25.12162,-19.868458,-11.481339,-9.166034,-3.6119893,-8.780202,-11.204057,-13.188037,-8.365029,-2.7516096,1812.429836021199,1461.675830619666,3246.527777777778,148.28521281886128,9.20345187627658,female
trimmed_common_voice_en_41917458.mp3,-319.4609,113.63844,9.299517,12.937681,-19.84639,-5.8260765,-16.851072,-21.97295,-6.650483,-3.4634123,-0.08684449,-3.2797525,-6.068539,1352.3602114425767,1187.7145657486512,2267.6091269841268,145.0799421670527,10.073732775338112,female
trimmed_common_voice_en_41917459.mp3,-293.43423,82.90025,-7.3574657,7.7635074,-20.940237,-8.67733,-37.787228,-5.585922,-8.225029,-1.0207396,-4.72326,0.7006989,-7.0499144,1926.3658625266592,1492.7656851327897,3372.5198412698414,155.0678940022791,23.110801635685963,female
trimmed_common_voice_en_41917460.mp3,-368.47513,114.789894,-22.746458,22.369835,7.7710166,-20.10786,-16.794209,-14.886698,0.50737274,-1.4108411,-4.832131,-3.9974391,-14.009032,1292.1837661846764,1231.1262533175147,2333.5813492063494,157.21178960804167,11.128086492677449,female
trimmed_common_voice_en_41917461.mp3,-242.23528,114.0469,20.585304,25.74647,-28.984056,-4.9238935,-7.971543,-33.558403,-9.248518,3.145621,-8.3335285,-3.816613,-10.253822,1467.666808068685,1389.631472068887,2609.375,153.47085824959746,11.706066426909182,female
trimmed_common_voice_en_41917462.mp3,-262.56674,104.64733,10.691844,14.354322,-19.481026,-3.9475951,-11.609887,-31.738758,-5.8106766,-3.2213817,-1.0451874,-7.6368937,-0.905488,1751.926461891086,1394.8386064026563,2858.3829365079364,154.59180431424934,6.656834468677666,female
trimmed_common_voice_en_41917463.mp3,-249.44966,89.13754,12.736998,1.30225,-8.916241,9.518527,-28.520586,-10.143805,-12.025638,-4.710825,-1.7337215,-6.714788,-7.1250257,1755.6213711627956,1539.868638736298,3009.4246031746034,152.59539318987234,14.31660620067583,female
trimmed_common_voice_en_41917464.mp3,-249.53539,59.96027,10.611194,30.959652,-8.518637,-15.395679,-23.56098,-16.44367,-11.396279,-0.95143557,-8.657624,-0.72418445,-4.6883607,2154.6501107530116,1529.3920475654106,3480.902777777778,148.02134590833234,8.696585524742797,female
trimmed_common_voice_en_41917465.mp3,-253.34485,60.711113,5.073625,48.96068,-19.91498,-7.1908565,-13.682264,-22.604185,-17.27567,-17.398098,-6.2275147,-14.264388,-2.8265963,2136.680179869307,1562.3578221008136,3777.777777777778,159.45978651198376,12.531793886364166,female
trimmed_common_voice_en_41917466.mp3,-265.40594,124.03042,-20.29919,40.977505,-11.190272,-8.541066,-5.350013,-21.306604,-10.139624,-17.626852,-4.4392333,-13.010236,-5.363862,1183.4109156191364,1193.0911716686494,2277.03373015873,158.32352749265962,14.257850541490408,female
trimmed_common_voice_en_41917467.mp3,-235.77293,118.984,-25.94007,31.964972,-21.298937,4.1297607,-19.813816,-10.862814,-12.807243,-9.347854,-11.33426,-11.225523,-3.551953,1365.8967562549021,1195.072522212516,2436.2599206349205,148.7082493842178,5.7125918700185565,female
trimmed_common_voice_en_41917468.mp3,-273.54303,148.0342,3.399065,9.361594,-23.169853,8.253712,-21.425045,-24.295465,-5.4032545,-11.935789,-13.553653,0.1244444,-2.4565845,1053.4761117425626,1103.4079770571238,1869.295634920635,150.74694779299304,11.37973418650704,female
trimmed_common_voice_en_41917469.mp3,-338.9337,121.4553,-24.453213,7.0282383,-17.595875,11.972553,-19.181402,-14.3621855,-6.997992,-7.8834314,-7.119829,-7.818317,-0.8905222,1406.4495662520478,1129.9941789965237,2338.0456349206347,141.92247441084265,7.400730616855221,female
trimmed_common_voice_en_41917470.mp3,-204.36143,79.821205,6.9875426,29.392721,-10.834168,0.51310074,-19.87897,-27.3355,-3.667758,-15.013973,-10.596473,0.4053923,0.009012697,1988.0901368025332,1598.0373800130337,3615.0793650793653,151.45791942561277,12.854543262047047,female
trimmed_common_voice_en_41917471.mp3,-251.40527,105.9523,18.069141,13.745762,-8.690166,6.8168674,-28.169386,-16.395494,-10.170472,-11.370615,-8.261554,-8.67449,-0.3036289,1502.2762473358862,1467.8982454346637,2590.5257936507937,144.70133779720695,10.279917016434528,female
trimmed_common_voice_en_41917472.mp3,-248.07509,91.84398,9.234469,29.107798,-13.817728,10.410997,-24.03165,-21.169565,-11.4521265,-12.579112,-11.656347,-6.5134974,7.3536663,1761.2365528723035,1452.1716964873476,3120.0396825396824,154.56824619579254,13.84065674534624,female
trimmed_common_voice_en_41917473.mp3,-235.9214,108.61413,0.60606503,30.673155,-14.447809,-2.7435439,-13.678357,-18.281912,-6.7978573,-15.809811,-12.159058,-7.4691834,-0.80457705,1334.385358035222,1430.5315124470212,2626.9841269841268,142.7468037101784,3.2513055964227227,female
trimmed_common_voice_en_41917474.mp3,-249.69455,128.10617,4.024416,20.975327,-20.302082,4.921362,-12.943349,-29.056454,-11.469275,-15.561707,-6.4258814,-7.6344523,-2.4743185,1083.0449478909381,1258.5201224398845,1953.6210317460318,148.7941046720207,10.125750349430906,female
trimmed_common_voice_en_41917475.mp3,-279.45523,113.55061,25.812984,12.422439,-8.490837,-5.2410235,-20.221169,-21.46673,-12.203602,-15.746571,-11.924491,-2.3614683,-5.094125,1468.6890620373824,1380.2278139583168,2494.5436507936506,159.8557243003774,14.958754195443456,female
trimmed_common_voice_en_41917476.mp3,-282.38916,110.54122,0.698753,21.422089,-13.834578,8.498882,-18.591795,-18.0463,-8.68861,-13.60713,-8.865032,-8.801755,0.2573777,1390.0890378008803,1353.5302085074131,2538.4424603174602,148.15307875128488,7.797334401937362,female
trimmed_common_voice_en_41917477.mp3,-257.73547,89.59542,22.761705,28.252495,-17.46056,3.0379033,-12.320616,-23.206606,-12.470011,-13.445491,-4.1831436,-8.29692,-2.5586882,1786.4813879734188,1433.0178574952527,2883.9285714285716,151.5305230741443,6.382214252858393,female
trimmed_common_voice_en_41917478.mp3,-233.57419,108.48439,0.83059555,14.456777,-14.783174,5.234518,-14.711562,-31.393934,1.8097005,-7.0378184,-11.063779,-3.83249,-1.9176815,1646.0331278027495,1460.2971702636069,2966.7658730158732,150.94956792888507,13.676917997817908,female
trimmed_common_voice_en_41917479.mp3,-358.16104,121.33906,8.000812,-13.484382,-20.559587,16.719076,-11.971999,-9.6821375,-3.5781813,-12.746105,-7.3081675,-10.9885025,-7.020295,1395.7040947867845,1226.566668142444,2519.345238095238,141.05543300546097,12.613705711642043,female
trimmed_common_voice_en_41917480.mp3,-275.99048,97.55754,-1.9080083,19.167448,-5.3628035,-6.9203634,-14.532158,-25.91876,-5.674174,-4.5696445,-13.505508,-9.212948,1.0754651,1561.8362434881058,1417.4472831230637,2702.628968253968,157.96861338524602,17.79588858187409,female
trimmed_common_voice_en_41917481.mp3,-283.80853,83.447266,31.62963,25.57787,-9.483202,-4.044985,-19.078886,-17.773293,-10.387872,-9.64587,-7.2097178,-3.4475133,0.49761584,1829.2301929666864,1482.06145554137,2990.8234126984125,147.59655618702038,8.235196227294194,female
trimmed_common_voice_en_41917482.mp3,-224.28622,96.06441,6.501975,27.144653,-13.311118,-5.441626,-20.111683,-17.903368,-5.7063346,-15.310168,-6.5599804,-8.262353,-0.562524,1537.9753473126211,1510.1445845055237,2950.6448412698414,159.20654533598383,23.96208922160257,female
trimmed_common_voice_en_41917483.mp3,-241.68744,74.00196,37.806522,35.79977,3.893558,-7.8257747,-16.630844,-7.1275744,-24.443447,-16.645489,-10.578019,-1.3613605,-2.7690918,2007.2111076849778,1688.3972190339957,3564.7321428571427,150.93927253772986,10.95405306160071,female
trimmed_common_voice_en_41917484.mp3,-232.95045,111.51725,2.2195606,16.374716,-11.979066,6.8819838,-19.70031,-18.769037,-13.425312,-9.534571,-5.2763906,-11.445809,-1.5271038,1508.9224105852907,1336.0358458751814,2633.6805555555557,156.09497332867707,14.151227262586369,female
trimmed_common_voice_en_41917485.mp3,-246.3067,105.87447,13.086695,9.292043,-5.70149,-1.6011603,-20.693161,-16.31458,-9.745484,-15.3332615,-8.863783,-4.0690403,-6.1248436,1708.1122940619518,1497.1897226247559,3035.218253968254,162.63973649358027,19.559314985639887,female
trimmed_common_voice_en_41917486.mp3,-279.73236,95.29875,9.238978,25.360392,-2.4420707,-12.832886,-7.464264,-23.121143,-13.371343,-9.02174,-15.051014,-2.6019797,-2.6181974,1581.1604540153762,1462.0152937281875,2768.6011904761904,143.6741231378572,5.484250050752283,female
trimmed_common_voice_en_41917487.mp3,-267.91672,107.62424,2.242407,19.25982,-9.337667,-2.125528,-3.598815,-32.198936,-12.370483,-8.513404,-8.160836,-7.0413857,-7.0902553,1403.2163053813647,1439.0911954200076,2609.623015873016,149.58525593452833,14.044672533776412,female
trimmed_common_voice_en_41917488.mp3,-230.01544,79.81346,32.509457,39.75797,-7.145268,-9.555355,-19.233988,-16.103924,-11.11915,-12.982962,-9.630449,-1.1745331,-1.3063763,1849.5309121144444,1596.3240674186388,3402.777777777778,152.88972354230614,11.367595266882896,female
trimmed_common_voice_en_41917489.mp3,-256.99258,97.362755,30.163488,33.62203,-23.805336,-4.8950257,-9.451717,-18.299168,-16.759556,-11.160156,-8.156961,-8.315406,1.3290102,1425.4036356275806,1377.2622818869388,2770.8333333333335,153.41569862713033,19.792853721360636,female
trimmed_common_voice_en_41917490.mp3,-241.57474,104.83683,7.7674465,32.08149,-16.92943,-3.8319507,-5.036337,-32.146088,-8.507123,-12.764971,-10.924181,-4.517889,-7.6655974,1365.988246815607,1350.421596622685,2537.4503968253966,154.7698650442537,9.441188449887374,female
trimmed_common_voice_en_41917491.mp3,-244.19308,19.621948,5.379068,12.536969,-16.035385,-17.540136,-9.054284,-11.485927,-15.361944,-8.30732,-7.441747,-3.0853963,-10.950296,3136.5822267241597,1860.3543567137492,5110.119047619048,175.339611234657,15.853189697530988,female
trimmed_common_voice_en_41917492.mp3,-256.26343,135.58543,6.613044,1.0674365,-14.820307,-20.994951,-2.3627627,-17.130398,-7.2483068,-19.166939,-2.0570607,-6.31176,-12.0262165,1169.5371832817077,1387.7522700158386,2082.34126984127,156.67670701248207,9.888419422939753,female
trimmed_common_voice_en_41917493.mp3,-197.6054,25.27851,15.249059,9.448945,-13.990972,-17.340462,-15.972721,-12.359749,-13.261144,-8.76117,0.0652781,-0.90650886,-15.9658375,3099.705001095705,1909.368122631368,5120.535714285715,155.38070807493267,9.479085790351489,female
trimmed_common_voice_en_41917494.mp3,-243.45044,60.077168,17.295698,2.3483653,-29.235174,-15.106758,-7.078849,-11.696054,-8.920972,-16.591179,-0.5183255,-4.8210835,-11.88257,2581.3946934435844,1840.0965055693637,4304.811507936508,147.9116438804635,5.56189161475493,female
trimmed_common_voice_en_41917495.mp3,-255.77928,67.5338,15.681845,10.531038,-18.420307,-15.896518,-10.620629,-16.442875,-11.178123,-14.295934,-8.732307,-5.5085955,-6.974028,2388.198729224449,1907.5960253866704,4496.527777777777,150.54056283111368,9.579129227072054,female
trimmed_common_voice_en_41917496.mp3,-255.99188,62.005527,18.5837,10.639052,-26.830667,-11.92062,-15.917221,-15.973651,-8.962579,-4.789193,-14.139602,-1.1753246,-12.220441,2206.8622476520623,1735.687130391729,3931.7956349206347,161.31886114137868,10.522306971263246,female
trimmed_common_voice_en_41917497.mp3,-249.62936,96.7767,10.857068,2.769596,-12.831742,-6.9537597,-16.691082,-12.761333,-14.988316,-8.874762,-9.87362,-8.11928,-12.03599,1644.7966886007648,1679.0950466711763,3124.0079365079364,154.0293130545294,8.4975843640074,female
trimmed_common_voice_en_41917498.mp3,-264.84314,98.19548,-12.558143,-17.335667,-42.39738,5.603778,-11.191073,-12.935048,-4.007547,-10.311321,-7.9105315,-2.9042237,-18.238081,1764.522178765076,1508.6290694836873,3099.2063492063494,160.21956305947884,7.322471674194087,female
trimmed_common_voice_en_41917499.mp3,-279.67184,114.05616,-2.103339,2.8176432,-35.112564,1.6461625,-17.031015,-12.404969,-13.49347,-11.412215,-6.925421,-2.4401205,-15.313277,1417.304223974062,1381.3916285669643,2587.7976190476193,160.02383281175355,16.031308485005454,female
trimmed_common_voice_en_41917500.mp3,-273.38333,103.22868,25.878107,-8.875193,-17.0055,-7.1465006,-11.828471,-16.17569,-6.3858347,-13.778892,-4.0454054,-5.7155924,-10.697426,1632.4151897687022,1616.8810613617143,2795.8829365079364,155.12381489458406,7.217719687055742,female
trimmed_common_voice_en_41917501.mp3,-277.2048,100.79595,-17.131794,0.5832535,-19.435944,-9.023448,-4.1892967,-18.465593,-15.129049,-7.85793,-4.771982,-13.371908,-8.685094,1619.9204384981397,1458.33298052874,2963.7896825396824,156.2347694403795,14.961436787933055,female
trimmed_common_voice_en_41917502.mp3,-275.36264,130.12756,9.45025,-23.466742,-20.243965,-6.195467,-5.9522443,-18.059444,-9.389292,-12.408352,-13.030654,1.7970043,-14.98501,1568.6576758788092,1288.335007815525,2437.996031746032,145.04968958594333,9.233574031343796,female
trimmed_common_voice_en_41917503.mp3,-257.84097,114.98247,11.417194,2.8907623,-17.79909,-11.600541,-15.677459,-11.3571825,-12.282418,-9.712422,-13.699176,3.0144813,-20.503637,1451.5755989034087,1488.5684711615784,2644.097222222222,147.60814994200425,8.129938992195036,female
trimmed_common_voice_en_41917504.mp3,-251.99115,87.52928,9.210983,3.3651528,-28.162731,-3.870802,-17.997555,-5.3891225,-12.178169,-8.4590435,-5.344829,-10.542519,-9.481557,1935.762122172988,1637.8932656948905,3602.6785714285716,148.28164615923808,8.948870490270512,female
trimmed_common_voice_en_41917505.mp3,-360.0887,54.51925,-14.829904,9.521807,-20.364374,-10.281587,-9.462223,-8.390448,-9.725628,-5.3363023,-10.324882,-2.2918122,-7.924494,2350.657530001248,1691.2216359861222,4066.220238095238,149.60317782444625,10.826663108304153,female
trimmed_common_voice_en_41917506.mp3,-261.47696,69.45954,18.13212,9.427224,-11.048571,-8.995906,-13.245497,-9.246352,-17.14574,-10.861105,-11.052028,-0.8097517,-13.326926,2081.5806923211608,1750.9273937549444,3766.8650793650795,150.1126510489271,6.477925431947595,female
trimmed_common_voice_en_41917507.mp3,-242.3037,82.553246,4.240388,-10.95365,-24.578161,-2.1694486,-9.3659525,-13.239089,-15.236815,-8.739374,-10.609321,-3.787838,-10.726211,1958.924264401013,1636.4774085266195,3407.7380952380954,152.90634156456503,11.155203181137255,female
trimmed_common_voice_en_41917508.mp3,-220.56035,82.79044,29.415628,-5.067231,-13.480467,-8.71155,-7.0788436,-10.68448,-21.772623,-10.378668,-6.805556,-6.962931,-8.058762,2189.760443055768,1588.7602989036113,3427.3313492063494,148.6565289924275,6.854897625156118,female
trimmed_common_voice_en_41917509.mp3,-266.89926,60.899326,8.31305,-17.99034,-13.572791,-4.350574,-13.410864,-9.07369,-13.105999,-7.3250895,-5.5283375,-6.643497,-2.7872717,2518.4109094043024,1778.0019820829675,4323.660714285715,145.3238226081686,4.937389463430495,female
trimmed_common_voice_en_41917510.mp3,-306.63263,69.997986,23.346436,0.48420182,-24.294043,-5.4466352,-0.7809397,-18.517017,-19.345804,-8.464105,-7.4483194,-9.141411,-6.276739,2175.2957287044037,1670.9831680030536,3639.1369047619046,149.55948615578927,10.35421901978988,female
trimmed_common_voice_en_41917511.mp3,-290.71603,76.21646,39.60539,-23.300392,-20.66279,-7.329225,-16.035585,-6.0130644,-20.029821,-5.087491,-8.874683,-7.5549817,-9.329546,2460.8301373108056,1940.0730223221706,4437.748015873016,153.44762935743415,7.5779656208212165,female
trimmed_common_voice_en_41917512.mp3,-283.46674,117.12653,4.3244367,4.4946923,-18.278423,-17.815449,-3.9770372,-22.1463,-11.386737,-10.101314,-6.484755,-3.250101,-11.146411,1503.9518175979442,1422.8552693442816,2626.9841269841268,149.2837899350464,16.406156029694674,female
trimmed_common_voice_en_41917513.mp3,-250.99992,75.6324,4.688671,-8.39537,-18.388514,-11.692465,-7.133405,-11.790846,-11.633161,-11.144593,-0.8902426,-4.287734,-12.18078,2281.758924867282,1720.6292694047368,3869.5436507936506,150.3155599520119,7.074701209411338,female
trimmed_common_voice_en_41917514.mp3,-294.76016,72.026245,-1.8616929,-26.232344,-19.217476,-5.95047,-13.691499,-5.825689,-8.97957,-1.1617007,-10.78119,-9.035218,-9.068548,2268.5379141241533,1827.1915424001882,3998.0158730158732,151.59177067032405,9.543416029096326,female
trimmed_common_voice_en_41917515.mp3,-256.35123,54.414146,12.839016,-20.22005,-17.01809,-10.202262,-14.855598,-2.148108,-16.999615,-6.312985,-6.0190578,0.83734584,-11.934721,2721.300932082207,1828.627561911448,4557.291666666667,152.52149195936977,9.248484684738594,female
trimmed_common_voice_en_41917516.mp3,-289.05634,119.08893,-1.9954771,2.6888824,-27.549063,-17.836824,-6.407217,-17.119843,-1.3267756,-6.963105,-15.876742,-2.2732766,-4.246911,1445.0058246901233,1287.3536993623281,2409.970238095238,151.03300491659274,8.641406812964243,female
trimmed_common_voice_en_41917517.mp3,-248.23735,97.67547,1.706787,2.312561,-25.511847,-4.4156938,-7.5819488,-18.035957,-17.301289,0.9594619,-14.941751,-1.0319766,-9.4810095,1622.4998622167095,1412.6834384748183,2697.1726190476193,148.86917963997,4.539165463759353,female
trimmed_common_voice_en_41917518.mp3,-245.50612,112.354904,11.133265,-18.051102,-33.42721,1.2103274,-17.326948,-10.516494,-12.502574,-5.506973,-15.298985,0.016154721,-8.672716,1673.7528604277898,1370.7789617470687,2668.154761904762,148.9090210544362,14.258145148027015,female
trimmed_common_voice_en_41917519.mp3,-292.79178,91.73813,-0.9191845,-0.8297891,-24.121355,-11.820756,-8.189778,-13.428605,-17.930511,-6.559963,-8.383145,-7.690083,-4.925083,1936.8362660846533,1484.0734390694508,3312.5,143.98642317749983,8.292628732459136,female
trimmed_common_voice_en_41917520.mp3,-260.54248,100.58139,-3.874645,3.9078152,-22.694576,0.014684783,-19.575172,-13.55388,-20.065752,-3.560823,-10.265557,-5.322113,-8.242962,1733.9625006811657,1440.7244880953533,2993.3035714285716,149.33881703021783,8.7590159649643,female
trimmed_common_voice_en_41917521.mp3,-295.55264,80.319176,-16.137877,-5.3260627,-24.825714,-10.160846,-8.522319,-4.2134647,-8.112138,-10.798115,-7.7617397,-2.7966354,-12.677593,1940.6256561493753,1540.7082656203168,3326.3888888888887,163.86322445993275,11.31625421800469,female
trimmed_common_voice_en_41917522.mp3,-252.13895,126.93331,-16.034433,-0.75972617,-21.643293,-10.780555,-8.059515,-15.400968,-12.609741,-4.069262,-11.31417,-6.957449,-11.223877,1286.4470105814662,1293.43407960456,2277.529761904762,162.3249632480251,13.887136975605477,female
trimmed_common_voice_en_41917523.mp3,-233.91425,125.019806,-4.363769,6.223067,-17.562412,-10.434482,-12.026414,-12.272976,-16.333773,-7.260442,-8.343001,-6.624769,-7.5715013,1328.2813398320732,1300.170901779354,2376.2400793650795,152.156582245274,6.139697268982413,female
trimmed_common_voice_en_41917524.mp3,-299.4999,104.84672,29.055052,12.07458,-26.094381,-9.93703,-2.204454,-22.65817,-5.6073804,-7.547254,-18.268282,0.8939784,-11.296942,1582.287308863213,1452.1722335361806,2618.7996031746034,160.19222957285936,12.826333539167724,female
trimmed_common_voice_en_41917525.mp3,-317.81107,118.10949,32.75198,-14.61637,-31.176054,7.399869,-17.180878,-21.02768,-6.7157025,-5.0913014,-15.402868,1.6869428,-14.320943,1586.0287262653776,1450.980152556096,2758.6805555555557,157.96517853955905,11.385324959604754,female
trimmed_common_voice_en_41917526.mp3,-317.11383,107.34853,22.039515,5.119475,-14.698344,-13.169009,7.3710227,-34.488297,-5.70286,-15.997483,-4.4538703,-6.991133,-11.290381,1536.5633427954763,1577.4119648752983,2801.5873015873017,160.9271224334324,13.557466425509213,female
trimmed_common_voice_en_41917527.mp3,-313.52686,100.61082,33.322636,-24.711151,-34.76854,11.951865,-19.442226,-12.592963,-8.260937,-13.908348,-12.59978,-2.699582,-17.668835,1816.7738035943653,1542.878236029146,2980.406746031746,148.3613962229244,7.471393485183168,female
trimmed_common_voice_en_41917528.mp3,-308.054,133.78789,21.206816,-19.032833,-22.498146,3.5362282,-7.2628126,-25.976004,-11.360344,-8.946219,-19.569382,2.5591936,-13.892652,1236.1496915863554,1315.9178186621261,2045.3869047619048,147.58724304553937,9.649385856549252,female
trimmed_common_voice_en_41917529.mp3,-250.5604,92.34643,19.441118,1.2522086,-25.609324,12.787281,-17.989643,-27.388142,-1.4608926,-9.472078,-12.229064,-3.462,-15.622502,1787.4169010963153,1623.897481520212,3309.027777777778,142.98602969476661,3.920758905167773,female
trimmed_common_voice_en_41918454.mp3,-402.44235,59.253513,-23.367466,2.0384004,-4.3286,0.36573976,-21.155764,-11.846274,-1.0661594,4.1792827,-6.4032884,6.7031364,-10.227785,2054.175984716589,1652.640547019322,3801.339285714286,211.66049334908806,16.418617507203702,female
trimmed_common_voice_en_41918455.mp3,-342.2423,77.53228,-41.004353,-1.7752008,-26.27184,1.169102,-24.780083,-12.557578,-12.882197,-8.981507,-9.25995,12.615855,-4.362593,1788.318967025026,1348.4235700287682,3052.5793650793653,268.1200768453185,89.54026567374704,female
trimmed_common_voice_en_41918456.mp3,-344.00766,53.290596,-13.9692545,18.641912,-7.2309246,-13.263554,-31.863388,-10.859281,-4.825468,-7.367209,-10.911031,11.904642,-9.752314,2160.732523659605,1652.9472482897986,3725.6944444444443,244.5222038662479,25.38306417134724,female
trimmed_common_voice_en_41918457.mp3,-373.24765,47.297516,-19.11374,6.6119394,-8.406207,-6.008836,-20.562447,-11.414302,-9.447001,-4.4192786,-8.779204,7.9599724,-8.911063,2322.1255010360123,1808.3248921105755,4332.0932539682535,242.52723650946726,35.848408299522816,female
trimmed_common_voice_en_41918458.mp3,-323.44223,64.68587,-9.7109165,8.060855,-9.1085005,-5.51757,-33.840954,-15.735135,-13.0730505,-7.424723,-11.153876,0.7278264,-5.91527,2015.834183157126,1684.9729085713948,3664.9305555555557,238.91542381962643,20.017817479426792,female
trimmed_common_voice_en_41918464.mp3,-321.01495,77.89098,-35.211277,14.210939,-21.271458,-6.475483,-26.790565,-14.309105,-8.088061,-7.9932146,-13.813801,15.311525,-16.301445,1625.6611596917992,1394.6320230783033,3138.6408730158732,240.95669819105467,27.820429044046172,female
trimmed_common_voice_en_41918465.mp3,-379.61356,56.569763,-22.221807,16.671934,-11.290122,-19.074162,-21.78968,-7.128885,-8.087049,-5.8303914,-11.608918,10.789715,-9.462432,1727.0841004042625,1551.5535566200235,3329.1170634920636,234.60085325007455,22.669457770467382,female
trimmed_common_voice_en_41918466.mp3,-331.24863,62.67067,-22.525263,27.800564,-28.980213,-19.289759,-26.430962,-10.103512,-15.076524,-6.982185,-11.78982,3.7014701,-8.770165,1681.1490997771518,1558.142141678398,3302.3313492063494,236.56512365595515,21.843998344927446,female
trimmed_common_voice_en_41918467.mp3,-320.58472,71.46522,-47.232353,6.12928,-21.21561,-2.776099,-24.207766,-17.285229,0.8548697,-6.2083144,-14.714209,5.64951,-13.549343,1670.9471940556014,1389.5147544327863,2998.7599206349205,231.52744046110803,24.865213392773608,female
trimmed_common_voice_en_41918468.mp3,-302.47885,56.2878,-20.647333,34.094612,-19.681955,-20.423384,-28.619053,-12.630061,-10.961064,-14.016833,-16.573742,11.91445,-16.587759,2087.9466355579925,1614.1229304620942,3868.7996031746034,231.27674391190027,57.97008883619807,female
trimmed_common_voice_en_41918473.mp3,-334.3102,72.63835,-42.340206,3.5740721,-15.469399,-7.7069564,-22.31382,-11.111104,0.29239884,-16.485472,-12.100878,9.185511,-8.239028,1741.460989118453,1456.5241429617827,3199.652777777778,238.81400784794022,29.21610318862528,female
trimmed_common_voice_en_41918474.mp3,-319.10312,46.798077,-22.404385,18.702068,-21.282146,-20.39731,-32.264797,-14.067477,-9.253063,-11.374711,-5.485763,14.072463,-11.703251,2270.3805895476244,1655.71580297591,3992.311507936508,317.4086068005666,121.33307150440099,female
trimmed_common_voice_en_41918475.mp3,-332.47714,54.040504,-29.283876,27.466095,-28.66011,-8.247621,-29.830364,-20.305904,-11.560072,-10.669113,-7.622671,3.8836496,-9.136992,2103.2700563919366,1564.001450106348,3720.9821428571427,285.8337548479822,46.67835308684231,female
trimmed_common_voice_en_41918476.mp3,-340.86896,53.50042,-53.501953,0.98606074,-24.799849,-2.9793544,-23.10789,-9.993299,3.0619876,-11.955286,-14.934865,13.803104,-15.431708,1922.1770897352765,1412.3862493578042,3307.0436507936506,254.3065904154478,17.31711785719405,female
trimmed_common_voice_en_41918477.mp3,-324.0303,79.353386,-44.353157,1.6193036,-15.164863,-10.680364,-19.920145,-10.130506,-4.3286347,-7.731691,-10.814714,9.642894,-12.88242,1742.5511801710304,1483.9883764399808,3187.996031746032,244.0494021280086,25.87259733373642,female
trimmed_common_voice_en_41918478.mp3,-276.48788,57.37443,-33.047626,1.9073011,-17.29819,-6.177908,-35.07267,-14.267349,-7.6723013,-10.79796,-8.085047,4.3277516,-15.2826,2217.7944614095304,1658.7915364187718,3941.220238095238,244.64029765359228,28.775167511092267,female
trimmed_common_voice_en_41918479.mp3,-326.20645,52.91918,-39.08411,9.8810425,-19.042871,-9.602951,-28.78254,-15.048183,-11.333587,-11.279768,-14.421745,7.9309664,-10.239131,1924.2099534565518,1538.3735210035406,3525.7936507936506,255.25492402631244,20.07765038465335,female
trimmed_common_voice_en_41918480.mp3,-370.73215,36.19984,-35.823704,4.516748,-10.483675,-16.684622,-22.986612,-2.6599538,-0.9013218,-6.7781353,-9.37717,4.547056,-13.296531,2264.606597390154,1767.5477978946938,4266.617063492064,255.7855723525339,28.21168740040777,female
trimmed_common_voice_en_41918481.mp3,-297.40277,69.870926,-27.563837,19.726934,-22.235153,-3.6032782,-30.724483,-12.245824,-6.401587,-13.225359,-12.445634,4.2448406,-9.7185955,1664.4233358943884,1525.3027190573634,3263.8888888888887,230.49253337945706,34.57738750387678,female
trimmed_common_voice_en_41918482.mp3,-303.32486,48.409874,-21.946207,1.5773824,-16.413477,-12.8916855,-33.3826,-6.61041,-4.0671124,-12.204252,-13.860586,7.6796594,-17.305475,2369.866059066411,1806.6830346951335,4369.047619047619,243.504720347964,17.260317676440284,female
trimmed_common_voice_en_41918488.mp3,-261.50626,50.723297,-34.054047,13.731994,-37.096478,-11.005429,-28.976713,-7.2045074,-9.103822,-11.843179,-13.613365,5.1751337,-20.378124,2177.8716096733356,1679.526610074225,4021.8253968253966,258.117105922989,24.93921057334471,female
trimmed_common_voice_en_41918489.mp3,-336.12436,64.45129,-57.085762,15.786079,-15.114691,-8.837085,-21.949154,-7.3774395,-4.033273,-6.194492,-3.7817783,14.83699,-17.247482,1978.9356038762473,1380.98828825102,3239.3353174603176,196.6209133392673,26.661932319252745,female
trimmed_common_voice_en_41918490.mp3,-321.762,82.55752,-44.23521,7.1588125,-18.602596,-5.620415,-17.733896,-10.235841,-0.38585287,-5.775817,-16.159735,11.032687,-10.108445,1640.0636286126673,1417.6328074589994,3025.0496031746034,228.86389271620283,21.5415623674962,female
trimmed_common_voice_en_41918491.mp3,-327.86502,61.413834,-34.735054,5.907136,-20.629208,-10.583669,-21.642656,-6.950807,-10.746611,-12.46878,-22.157001,8.029123,-8.46954,1972.1950446699768,1650.6282922304913,3667.410714285714,253.68743602612673,25.89763653483528,female
trimmed_common_voice_en_41918492.mp3,-306.5831,66.89284,-38.45106,15.884721,-31.609514,-4.173109,-31.57223,-15.439792,-9.403674,-16.207357,-14.059191,2.4362774,-7.175929,1741.553068845253,1473.9363376561707,3239.8313492063494,263.028572045134,47.22798978319457,female
trimmed_common_voice_en_41918498.mp3,-402.77762,50.100258,-18.837616,1.2840414,-7.036793,-5.965943,-22.732315,-11.383168,-8.146054,-3.7676299,-10.480536,13.841145,2.241813,2189.890928366633,1733.4101186008031,4059.2757936507937,233.29855097882069,37.79265468755036,female
trimmed_common_voice_en_41918499.mp3,-336.21707,61.426125,-29.058842,9.411493,-17.762842,-6.459817,-21.482557,-9.873534,-4.636119,-7.5024896,-18.054712,11.703877,-5.3212347,2009.8662006169952,1594.5374296921455,3687.996031746032,247.62720220746766,12.818722246144368,female
trimmed_common_voice_en_41918500.mp3,-284.8024,56.14337,-35.180416,8.524033,-22.351915,-13.303005,-30.922054,-11.467903,-2.977474,-5.350274,-16.86131,8.9121475,-12.8465805,2084.065389722179,1607.3557305467841,3706.3492063492063,239.54478728996605,17.253440809213863,female
trimmed_common_voice_en_41918501.mp3,-375.66418,48.706573,-30.138666,-1.0858476,-13.905453,-6.020539,-25.643017,-10.907177,-4.492129,-8.003726,-13.785277,12.802414,-9.524214,2198.589705432626,1626.6617866453423,3870.535714285714,258.6060036243513,34.50646626105471,female
trimmed_common_voice_en_41918502.mp3,-310.99597,70.10558,-51.79205,16.360804,-18.425138,-10.895372,-25.808357,-16.96243,0.508228,-5.7625303,-15.931935,18.058134,-9.650533,1853.5476626261648,1369.1670207788557,3208.3333333333335,247.10854887933942,20.840427254264053,female
trimmed_common_voice_en_41918504.mp3,-344.07434,71.72458,-53.24993,7.3184285,-19.675638,-7.370519,-22.811663,-14.031829,-2.3518312,-7.9349365,-14.333946,10.219229,-8.140846,1790.9908490323712,1346.1807301210304,3072.4206349206347,239.54535274697434,24.648204201820718,female
trimmed_common_voice_en_41918505.mp3,-300.56662,72.60915,-42.494465,13.860628,-31.27781,-6.644786,-34.41722,-15.499948,-2.2463806,-3.7499747,-17.976116,9.335964,-13.124148,1759.656337009324,1483.7271782128942,3394.593253968254,248.4203586352533,21.173365757325946,female
trimmed_common_voice_en_41918506.mp3,-383.85315,28.918295,-18.88106,17.70537,-20.659483,-14.224808,-23.946531,-12.162812,-5.1157885,-4.947362,-10.931199,12.500002,-3.2658339,2451.135734622318,1718.7477362302632,4271.329365079365,321.85495924493404,132.54230172033505,female
trimmed_common_voice_en_41918507.mp3,-352.2213,49.22746,-23.24135,5.688691,-13.771756,-6.7045565,-27.543869,-14.759014,-4.5441923,-6.3914804,-12.473647,11.258726,-2.128607,1995.7436738919482,1686.2051485237248,3872.2718253968255,316.95924157734055,115.48475786875403,female
trimmed_common_voice_en_41918508.mp3,-287.01492,66.134796,-33.83286,19.633593,-21.11813,-11.251137,-36.987663,-11.903724,-11.312688,-3.0501997,-14.768992,11.577153,-7.3811393,1897.5194025829983,1476.408456414344,3369.5436507936506,225.46723060542962,20.092187759894372,female
trimmed_common_voice_en_41918514.mp3,-299.66473,58.431885,-47.5165,5.3675985,-25.030704,-3.0268862,-26.475952,-11.212467,0.5661505,-1.0295614,-15.5815115,8.8041525,-2.1129372,1835.9219505777828,1440.5407751630469,3395.5853174603176,242.9267804065269,16.80897319966827,female
trimmed_common_voice_en_41918515.mp3,-261.12036,61.28623,-38.864334,16.087713,-28.258566,-3.426228,-36.95833,-16.028683,-5.4303613,-9.519206,-17.084986,7.086945,-7.1074896,2041.565094993023,1610.0932159887761,3871.7757936507937,243.12883240639138,25.21841944337759,female
trimmed_common_voice_en_41918516.mp3,-317.28018,95.75135,-27.764692,-7.8503737,-28.718235,9.890687,-27.620382,-25.73846,-4.5731153,-8.02595,-11.236674,8.129067,-6.3095584,1514.1120344275148,1332.797054429498,2670.3869047619046,236.0699781793464,20.941357058232942,female
trimmed_common_voice_en_41918517.mp3,-316.92117,79.002785,-31.711197,9.225491,-21.82216,-4.7139173,-25.571882,-13.765156,-3.4523404,-0.98209476,-17.528536,12.596181,-4.617706,1699.8262250058394,1432.6817696445337,3051.5873015873017,235.06417251116991,26.906068003753926,female
trimmed_common_voice_en_41918518.mp3,-321.22345,71.68219,-46.17518,3.6102622,-22.403868,-5.500545,-32.03724,-19.126583,-7.886462,0.08607863,-20.010584,10.438173,-9.873486,1901.794400130812,1503.7147086853963,3501.2400793650795,235.87925829028947,22.503226681749307,female
trimmed_common_voice_en_41918519.mp3,-361.74405,71.135155,-34.94063,13.449396,-18.764044,-7.121026,-25.618343,-20.983976,-10.711474,-6.377744,-20.359152,13.405631,-4.2191663,1772.2467173737834,1472.4670387583492,3272.3214285714284,239.0523225124401,20.11874490100429,female
trimmed_common_voice_en_41918520.mp3,-394.07883,49.24616,-13.308243,3.395309,-21.786985,0.7225255,-24.539928,-15.951994,-3.5717778,-3.7922547,-12.05319,15.8992605,-3.5539908,2246.561653435238,1695.9204635763072,4132.440476190476,227.74074391134022,16.63883040856838,female
trimmed_common_voice_en_41918521.mp3,-403.6385,44.703796,-16.793312,14.704666,-15.570701,-8.601712,-22.755896,-5.7067704,-3.8215435,-0.033292226,-6.296704,11.637849,-4.5188155,2044.4791671580203,1692.9035621792434,4003.968253968254,403.25108350500165,256.1887348829331,female
trimmed_common_voice_en_41918522.mp3,-345.96295,49.48564,-25.272154,20.979168,-25.755932,-9.427566,-19.764154,-15.8064165,-10.9852085,-2.2215755,-12.799178,15.642001,-5.207702,2088.7754887883893,1488.1082278811139,3575.6448412698414,252.31138867816946,13.688429633151435,female
trimmed_common_voice_en_41918523.mp3,-369.73825,57.830254,-31.49297,22.834301,-24.691658,-11.319745,-25.9172,-14.989724,-9.09554,-5.167306,-18.734219,11.903288,-7.2881923,1865.8655552196537,1555.1529099311633,3489.0873015873017,249.8418762668432,34.08345761298579,female
trimmed_common_voice_en_41918529.mp3,-369.5463,45.604492,-33.777157,11.810957,-16.105345,-13.891549,-27.092657,-10.663921,-9.153167,-1.4710852,-10.318991,11.8745,-3.9736369,2211.0173447846073,1664.1769243322028,4000.248015873016,321.1566017506209,141.10283452281593,female
trimmed_common_voice_en_41918530.mp3,-347.20242,72.69243,-47.21569,-17.135176,-27.550245,7.1830096,-23.019865,-11.636679,-2.544778,-11.3732395,-18.444067,7.576012,-10.684523,1871.5553862523093,1486.3053377788258,3404.0178571428573,259.43291385140975,20.77114178619039,female
trimmed_common_voice_en_41918531.mp3,-270.20786,54.640877,-53.97544,-0.3902198,-32.707764,4.07319,-31.41909,-14.2990675,-8.68838,-3.0940032,-20.12043,9.105132,-11.219408,2037.5889534114685,1534.0243775584925,3635.4166666666665,248.9910467200904,38.26415483538751,female
trimmed_common_voice_en_41918532.mp3,-295.59302,57.16515,-52.608406,9.696327,-32.337345,-14.042469,-20.81532,-9.515389,-6.7484574,-1.7105521,-24.099539,13.400285,-15.072523,2038.161386765187,1529.540437221684,3609.375,328.27824737485577,170.70582872260684,female
trimmed_common_voice_en_41918533.mp3,-317.45822,45.219402,-32.30914,-0.9147168,-13.957722,-19.550611,-29.972065,-16.47283,-8.4705715,-3.9123065,-14.39433,6.3000574,-9.335118,2686.984811880639,1832.2642482717793,4668.402777777777,244.16510973911235,19.771537433792062,female
trimmed_common_voice_en_41919378.mp3,-327.65942,121.92788,44.08129,19.31233,-0.77755773,-34.537952,-3.8483393,-0.6442757,-1.5251029,-8.822982,-16.87259,-13.363099,-6.1760826,1157.395671111208,1402.5138125994968,1902.0337301587301,221.03552648212136,20.89634120857556,female
trimmed_common_voice_en_41919379.mp3,-299.6015,125.05242,31.469322,19.41011,-0.07933263,-24.844378,-8.326166,-7.065072,-5.976732,-12.299836,-23.233143,-19.473413,-10.567022,961.5785021601672,1268.8039696909636,1625.4960317460318,234.93032178119302,33.470019648976425,female
trimmed_common_voice_en_41919380.mp3,-322.16116,112.08346,42.72534,12.711975,-11.7294035,-18.052925,0.6396259,-4.753416,-6.720484,-8.425258,-15.669292,-14.841349,-8.093211,1315.9202399286332,1343.578925616051,2083.0853174603176,207.97846442449597,30.331442829195993,female
trimmed_common_voice_en_41919381.mp3,-312.5901,112.639725,31.186275,18.034424,1.7945602,-22.600979,-8.830051,-10.573365,-10.044333,-14.544577,-18.189571,-20.214792,-14.714831,1102.2779325009467,1154.3184916329342,1561.0119047619048,265.1034315324317,21.064696748363993,female
trimmed_common_voice_en_41919382.mp3,-294.8123,134.35669,34.505623,16.414047,-5.7492948,-22.581745,-5.1671944,-8.670375,-5.413653,-8.005284,-14.344956,-17.486626,-8.4097805,857.2309144015442,1227.2865600287694,1365.5753968253969,181.1173388704451,68.11951082383216,female
trimmed_common_voice_en_41920784.mp3,-268.92044,66.37951,-13.012418,-4.7957783,-25.04539,8.63928,-19.613966,-9.562612,-8.875785,-3.9505196,-20.18008,-5.9836483,-7.0020256,2233.4360221944357,1406.0646664407777,3439.2361111111113,190.49793757709656,25.760741831975317,female
trimmed_common_voice_en_41920785.mp3,-246.11581,97.65754,5.3024526,13.865067,-16.058165,-6.279792,-19.632683,-3.8966873,-6.3388567,-17.970142,-7.472666,-0.9514147,-2.5865428,1715.7433549588973,1340.905052483465,2802.0833333333335,163.66185512451304,12.613573564121685,female
trimmed_common_voice_en_41920786.mp3,-243.00383,67.931816,24.518467,8.885346,-16.25501,8.164539,-29.034658,-10.255729,-15.367814,-13.046546,-13.992526,-3.2199025,-5.1307735,2131.63223917207,1609.2203124696475,3540.1785714285716,162.36286935577547,20.854759741726138,female
trimmed_common_voice_en_41920787.mp3,-240.62152,118.93147,-16.167334,33.725834,-24.174366,-7.9706483,-18.989277,-7.2697964,-12.438549,-12.313162,-4.6336536,-7.8474045,-3.0465188,1268.6930420395122,1230.301930579289,2348.214285714286,167.24647179746677,12.241256565614611,female
trimmed_common_voice_en_41920788.mp3,-245.53442,78.16642,-4.262076,11.719771,-19.768673,7.7102256,-27.12282,0.4545773,-7.370355,-10.975969,-11.77094,-3.729071,-2.498368,1974.9746517164647,1426.797541124987,3281.9940476190477,161.18003632578623,9.655245689072592,female
trimmed_common_voice_en_41920789.mp3,-256.63968,89.59513,30.435766,19.406013,-37.595318,5.933756,-27.672287,-3.7906406,-10.977657,-16.890759,-2.394903,-4.3751073,-5.487699,1628.4696267862976,1452.727859669992,2835.565476190476,161.44542052753206,11.709545704617137,female
trimmed_common_voice_en_41920790.mp3,-234.89537,83.9357,-15.123451,16.818672,-20.806915,1.4641923,-32.20939,-1.1317686,-2.3788426,-13.0613,-12.476283,-8.362446,0.82269585,1933.3122061365007,1537.3315788159005,3593.998015873016,155.9055087021116,8.512499999308053,female
trimmed_common_voice_en_41920791.mp3,-325.09195,128.21596,-10.204823,4.6411185,-24.537685,-10.337446,-22.433947,-4.525801,-12.489413,-17.385374,-7.452237,-7.138248,-4.5558777,1457.5671838758933,1170.0357649212717,2520.089285714286,152.08509219292662,6.9768684209405905,female
trimmed_common_voice_en_41920792.mp3,-242.22714,111.8896,-4.5151954,25.182367,-29.368511,-5.2872615,-16.605055,-7.957948,-9.741847,-12.775979,-5.3887916,-12.375716,1.9427271,1304.1666900184814,1295.3887489906008,2428.0753968253966,161.4960274885941,10.632786123609153,female
trimmed_common_voice_en_41920793.mp3,-258.47043,83.70154,-3.7276413,1.7262399,-12.848912,0.2577526,-29.663353,0.56120616,-16.335594,-5.131452,-11.09512,-8.3990965,-4.6220922,1965.6427543602988,1530.6965655786787,3431.0515873015875,162.76870762160388,19.098246224206626,female
trimmed_common_voice_en_41920794.mp3,-225.09486,84.497955,-3.976374,13.648655,-35.29302,10.835781,-27.610237,-5.8827515,-2.236851,-14.204144,-6.863895,-8.347637,-4.8179045,1931.433687380767,1468.5776246896357,3296.1309523809523,154.28637720973128,9.585714873696846,female
trimmed_common_voice_en_41920795.mp3,-269.2343,102.16913,-8.135742,1.68822,-18.261045,-4.528774,-19.299395,-4.9797044,-4.9646993,-7.1459675,-11.817554,-3.1133657,-6.155435,1690.5836329650456,1377.608625266386,2844.9900793650795,163.14769921689535,12.567967496831484,female
trimmed_common_voice_en_41920796.mp3,-226.64738,70.99118,10.778321,22.811419,-27.021315,0.45513883,-22.05519,-19.796515,-2.5719652,-12.830749,-11.754269,-4.045275,-6.094595,1990.9570288638201,1617.1990790223167,3669.8908730158732,165.87931445412414,15.196950835219303,female
trimmed_common_voice_en_41920797.mp3,-228.10185,96.4702,5.222203,20.90828,-24.684252,-2.3920968,-27.236832,-12.502629,-6.3387218,-15.084547,-6.135213,-17.238611,6.8800054,1709.4461066828405,1484.6061857913116,3181.7956349206347,163.65222492218223,12.34825050981918,female
trimmed_common_voice_en_41920798.mp3,-213.0887,83.636246,9.661587,30.185102,-28.677061,-6.7581697,-28.43708,-3.413857,-12.935065,-5.5132117,-13.238155,-7.8143635,3.435668,1827.0282148260565,1500.3153696879222,3316.468253968254,156.9431875233295,9.673809850543705,female
trimmed_common_voice_en_41920799.mp3,-231.96118,105.28475,10.01925,11.055424,-40.27227,0.0401143,-26.804953,-0.025049796,-14.729268,-6.2610116,-15.756659,-6.950986,-0.8110431,1596.8098809377054,1508.777526712484,3024.5535714285716,154.75928869536617,7.425457330158674,female
trimmed_common_voice_en_41920800.mp3,-280.20422,105.25429,-8.714726,30.393879,-20.316536,-0.79279953,-29.790157,-5.2146025,-10.661014,-10.435587,-11.392124,-8.170069,0.96134466,1352.5153287999035,1443.1501664724,2738.095238095238,160.26130645309217,11.29148260452901,female
trimmed_common_voice_en_41920801.mp3,-252.41705,98.0703,5.1073794,12.433699,-31.717985,3.2961454,-25.657486,-5.691729,-7.343928,-16.47501,-4.3775373,-5.219641,-1.7219936,1588.6197996197031,1434.2779547078712,2864.5833333333335,165.8255120108991,13.324389296509093,female
trimmed_common_voice_en_41920802.mp3,-282.2068,51.04471,6.256579,8.108913,-20.006365,-1.1169792,-25.212835,-9.410668,-5.9076285,-4.724477,-9.333154,-3.3680449,-1.0923226,2400.241306923033,1782.8534646015698,4420.386904761905,172.6315952830263,12.542200081766227,female
trimmed_common_voice_en_41920803.mp3,-342.49078,126.54041,10.3867,6.648642,-28.75717,6.4768558,-23.69662,-13.382382,-0.120125815,-15.585813,-11.630173,-5.553772,2.253634,1164.0135001620542,1207.1943974174112,1977.4305555555557,161.0022264347296,7.308685857556283,female
trimmed_common_voice_en_41920804.mp3,-244.20407,57.60546,56.275425,9.86712,-18.368181,10.224606,-26.138237,-9.381447,8.14116,-14.131577,-2.5846875,-3.0160835,3.1804652,2419.92109973991,1804.5214434907916,4306.547619047619,168.41159296390768,11.628458736397056,female
trimmed_common_voice_en_41920805.mp3,-291.77963,83.12052,66.44138,29.059607,-29.732754,3.9632838,-23.582115,-6.608712,-0.08885247,-16.359997,3.3121397,-9.4665785,14.127681,1949.8620310844415,1694.7930272991073,3641.6170634920636,158.47766973384557,15.111853363497257,female
trimmed_common_voice_en_41920806.mp3,-247.83403,119.34152,6.330574,14.591451,-19.277466,17.08343,-23.095245,-21.504156,-6.1762657,-14.021761,-10.442857,-1.2991762,-11.505697,1248.7282796207217,1344.0760837564771,2311.7559523809523,162.9308222148358,13.810252535071204,female
trimmed_common_voice_en_41920807.mp3,-234.29324,121.99938,-2.0893753,25.697292,-16.663782,-0.37161076,-21.446676,-16.435703,-11.586319,-11.423435,-7.0281916,-5.6133156,-10.892082,1351.6428758355878,1226.1016773216272,2252.7281746031745,155.79070412847778,15.471547225257627,female
trimmed_common_voice_en_41920808.mp3,-260.91068,122.133354,14.947823,18.393938,-14.638969,4.1830373,-19.388617,-17.553354,-16.932135,-15.705966,-8.468379,-9.1243925,-7.3313255,1158.8011079384332,1314.9859602683114,2152.777777777778,153.73160729645966,12.986840257626827,female
trimmed_common_voice_en_41920809.mp3,-266.42575,83.53368,6.9901314,25.03279,-21.87578,-5.4800553,-19.11407,-7.708079,-20.38084,-11.2358465,-5.424524,-3.0338094,-7.4586773,1818.716613029257,1388.7366914863446,3080.6051587301586,158.19871396322313,15.233300167681803,female
trimmed_common_voice_en_41920810.mp3,-348.32922,74.961945,-2.1137395,11.76582,-9.521528,-2.001828,-17.360502,-12.202827,-11.672296,-13.38815,-8.5653715,-1.6469085,-9.136676,1768.0371913390318,1669.2076902589477,3486.8551587301586,164.11422602699346,14.522827572148465,female
trimmed_common_voice_en_41920811.mp3,-308.76483,78.005646,15.175026,40.65665,-20.43037,-4.4672427,-8.186218,-24.206587,-11.888948,-10.8156,-5.05936,-3.6442254,-3.2700918,1713.5543395219036,1455.1791748485343,3148.809523809524,145.19300873030866,6.026104528645928,female
trimmed_common_voice_en_41920812.mp3,-307.01282,123.80499,2.107826,0.8306834,-4.1345663,-2.0630283,-15.023588,-23.364544,-14.744565,-9.823765,-3.5958154,-2.4496047,-12.395998,1493.3854958734833,1198.8603952754409,2460.565476190476,155.04640648650772,14.055399672806962,female
trimmed_common_voice_en_41920813.mp3,-240.66492,123.285095,-1.0225971,46.364338,-34.3938,4.925286,-13.438097,-25.60417,-11.43397,-19.211239,-0.72302973,-15.316894,0.08225717,1176.352244141598,1232.4088937964893,2342.5099206349205,158.136360330675,12.721990907027463,female
trimmed_common_voice_en_41920814.mp3,-247.8958,104.56887,12.131988,44.024097,-19.768501,-2.7246363,-14.441184,-22.281025,-26.89854,-7.07273,-8.364922,-5.293426,-9.135104,1207.7504716570165,1348.9241530416175,2448.1646825396824,153.32957332062807,11.9501267174981,female
trimmed_common_voice_en_41920815.mp3,-286.60565,113.52805,32.008213,21.50002,-18.17405,4.4904003,-14.362455,-24.199936,-5.8291936,-13.029548,-9.087481,-2.2708652,-13.3695345,1472.4418055799276,1300.4640025516098,2410.46626984127,152.29136636303733,15.145964804558668,female
trimmed_common_voice_en_41920816.mp3,-279.09592,147.89604,-0.06006689,29.337124,-5.843789,-4.445802,-8.539486,-21.271675,-8.175698,-17.006292,-7.830646,-3.5184312,-11.615513,828.9522235603754,1035.3335773188442,1389.3849206349207,151.80994114583706,5.823975613997932,female
trimmed_common_voice_en_41920817.mp3,-281.37216,97.38096,8.191104,47.65504,-12.7793045,-4.2044315,-7.34985,-23.47512,-16.015593,-4.7163973,-6.7981434,-1.6817758,-0.92029846,1337.0651325488368,1285.0275315347994,2357.1428571428573,158.69264110318426,13.116974120130811,female
trimmed_common_voice_en_41920818.mp3,-270.13644,134.41235,3.8618104,41.947514,-11.3602705,-28.771118,-7.027216,-22.619738,-21.783234,-5.8079033,-7.889889,-1.6212292,-3.8036656,1053.348619020956,1098.6947841120598,1898.561507936508,155.3031576080027,11.246587788812022,female
trimmed_common_voice_en_41920819.mp3,-241.42305,101.430374,16.0021,21.873035,-19.317347,-2.0690129,-22.32207,-12.489639,-12.021788,-10.695871,-12.557379,-0.11393126,-6.0185165,1534.1384352524638,1398.2384530260865,2641.8650793650795,151.67189483084996,7.835226500438387,female
trimmed_common_voice_en_41920820.mp3,-264.04556,109.03623,8.528054,33.734104,-11.355294,-11.700257,-9.509069,-16.175596,-10.022404,-17.709639,-8.604052,-1.2502972,-3.423258,1391.7849148873531,1251.0977843498172,2309.027777777778,142.51242507017446,23.508495277752345,female
trimmed_common_voice_en_41920821.mp3,-280.37973,121.686775,0.521937,37.85796,-12.186324,0.026853833,-14.113781,-21.443409,-5.657078,-14.068876,-6.043333,-1.2477918,-12.041525,1096.9145757315605,1254.6749854199209,1982.142857142857,154.42487965592173,13.248203783608874,female
trimmed_common_voice_en_41920822.mp3,-241.70476,124.95522,11.957312,29.529285,-20.747892,-7.3753223,-11.486561,-30.725006,-14.730853,-15.576243,-6.960364,-1.4279941,-7.2391925,997.0762269255487,1203.4421517345422,1750.9920634920634,156.247894094805,12.531528505882637,female
trimmed_common_voice_en_41920823.mp3,-377.65094,105.41324,5.179079,-6.0708017,-22.742498,0.26086995,-4.0124087,-12.967342,-5.721579,-14.00629,-2.8245068,-2.4669325,-8.797587,1436.7260206685341,1254.5955780375327,2525.5456349206347,160.37674432547917,19.9195207694193,female
trimmed_common_voice_en_41920824.mp3,-259.99478,117.616005,28.066645,26.104225,-23.049026,-3.095714,-15.235894,-19.944744,-10.056487,-24.327295,-3.397809,-4.3777194,-5.150858,1221.9103534284084,1343.478354002514,2289.434523809524,158.1830047740363,13.275124642043751,female
trimmed_common_voice_en_41920825.mp3,-263.8876,152.44057,8.458799,21.937082,-20.887701,-1.6716275,-11.153511,-20.254723,-8.778217,-21.4689,1.639547,-6.3469872,-4.6173854,929.2672627621944,1006.3566969640892,1640.873015873016,149.65350625967173,10.704889231246941,female
trimmed_common_voice_en_41920826.mp3,-288.74124,164.59387,-2.0869508,19.545214,-2.932663,-19.254051,-11.450516,-19.37378,-16.563005,-7.626105,-9.515138,-1.1426697,-1.0372736,760.7456473500861,885.5097128304911,1229.1666666666667,150.65628426075924,8.401192435333945,female
trimmed_common_voice_en_41920827.mp3,-278.87976,94.81843,3.6880474,38.81032,3.2131734,-14.362291,-9.133511,-4.8160276,-29.831089,-1.2015076,-15.157991,-1.828957,-5.9984946,1578.9393397040606,1463.0314806440558,2980.654761904762,150.29604623184176,7.13498954980618,female
trimmed_common_voice_en_41920828.mp3,-251.96779,109.983864,-11.868159,49.30939,-11.056281,-16.404577,-0.9930523,-18.77986,-12.952335,-6.3792763,-13.899606,-3.903622,-10.659745,1397.179257661928,1226.0904939075638,2436.5079365079364,150.9428968714197,9.160026572057696,female
trimmed_common_voice_en_41920829.mp3,-247.64983,115.37701,-4.758078,21.85079,-21.510206,4.9610105,-23.347513,-0.98250026,-26.108065,-2.589673,-15.948398,-6.015186,-7.8472486,1302.6087443853985,1377.7116103221495,2463.0456349206347,159.44813620777185,8.040133743511195,female
trimmed_common_voice_en_41920830.mp3,-244.03963,81.67454,28.707127,26.40748,-7.039009,-4.5980115,-21.575315,-2.0925374,-31.536526,-7.8391447,-15.128883,-8.977797,-5.2750616,1787.7748586627715,1606.502060661791,3267.6091269841268,157.99466369073613,10.791918914331104,female
trimmed_common_voice_en_41920831.mp3,-247.7595,93.71372,3.0568585,18.010702,-20.50427,-10.219126,-14.960202,-7.448246,-22.178652,-9.412518,-5.8673453,-7.7044454,-4.235705,1723.2205921283971,1374.5400241555772,3029.7619047619046,162.29176575935406,9.781946044398476,female
trimmed_common_voice_en_41920832.mp3,-270.45535,101.28001,12.393567,20.740807,-14.313644,-2.0140963,-16.154812,-12.920725,-16.860878,-19.07814,-4.5390654,-1.7805805,-3.7328346,1533.6061163658696,1336.456040101576,2602.9265873015875,161.69077805074164,8.560575361480458,female
trimmed_common_voice_en_41920833.mp3,-290.64108,94.034706,12.980164,23.783484,-4.990118,-4.645252,-18.30428,-11.3764105,-15.607163,-8.823801,-12.386097,-4.2202787,-2.4202955,1458.2310150540357,1439.71624246167,2627.9761904761904,165.94635425649082,15.938841363974104,female
trimmed_common_voice_en_41920834.mp3,-292.36108,91.55326,29.8831,33.270416,-18.68748,-6.889748,-16.217373,-28.620838,-14.774694,-8.370061,-8.934791,-4.2607284,-5.0082173,1556.4045319422396,1473.9447854534524,2626.4880952380954,172.78309106072666,16.31910706137295,female
trimmed_common_voice_en_41920835.mp3,-236.97205,114.65181,-9.58764,44.7682,-29.848022,5.9393644,-26.743345,-17.54024,-13.036977,-11.263603,-7.806592,-7.2547865,-1.5669348,1359.9576058419004,1188.540196904873,2370.535714285714,159.57253722334303,8.840417098687508,female
trimmed_common_voice_en_41920836.mp3,-252.68658,62.360916,-11.136636,28.504005,-13.485529,-6.7112894,-22.340754,-13.373319,-17.005537,-0.4276778,-12.8785305,-3.230936,-6.4007516,1981.6349975718003,1618.5126430254759,3720.9821428571427,163.94167452994466,8.136422484162415,female
trimmed_common_voice_en_41920837.mp3,-288.5728,132.70377,-1.5142195,19.216524,-18.910955,4.651914,-18.726995,-11.187285,-22.174454,-8.1591,-6.59315,-14.61253,2.5914686,1155.8711892498393,1179.7657973087669,1976.9345238095239,165.05161444665157,15.850150929630644,female
trimmed_common_voice_en_41920838.mp3,-258.50143,104.06235,-9.234127,23.330482,-19.376204,2.8285377,-20.564632,-16.73961,-16.987432,-8.105757,-6.983293,-6.9115787,-6.820328,1437.2351273738498,1277.7505974849985,2458.8293650793653,169.37229549089716,13.638664116618774,female
trimmed_common_voice_en_41920839.mp3,-225.82942,79.48106,16.05099,34.398224,-16.953878,1.6340514,-23.610332,-18.09972,-16.934296,-9.150971,-7.0731707,-7.234928,-6.4235826,1763.579904818868,1556.6257047094784,3260.9126984126983,160.9434274916648,8.850420273844033,female
trimmed_common_voice_en_41920840.mp3,-235.03813,106.68552,-14.875884,19.622686,-20.069576,0.6401286,-23.519156,-14.45685,-13.380859,-9.87321,-0.90935355,-12.087553,-3.3840654,1498.8316374457168,1380.1643954285264,2757.1924603174602,168.39784050828789,19.234679190788835,female
trimmed_common_voice_en_41920841.mp3,-314.99063,113.53029,-32.154613,2.4612222,-39.47971,21.138023,-14.724788,-10.048591,-6.5724688,0.29930755,3.9449453,-7.818989,-2.2254508,1395.9157469685792,1226.0896915458598,2453.373015873016,150.46707039080366,10.817647890041599,female
trimmed_common_voice_en_41920842.mp3,-330.5657,92.54511,-15.339032,11.564374,-11.90995,5.153638,-8.693953,-9.748631,-6.703768,-10.122139,-5.2834115,-3.749688,-0.7658444,1700.5485032262181,1449.6978115818197,3098.9583333333335,157.54577282869877,9.859626812711753,female
trimmed_common_voice_en_41920843.mp3,-354.1092,79.68368,5.604523,23.690937,-10.559873,2.774236,-4.9045177,-14.6727495,-11.240305,-5.447128,-0.66111994,-5.7936187,-6.0066447,1692.9263813114896,1521.0526494822393,3215.029761904762,153.2216173753717,21.464047331952713,female
trimmed_common_voice_en_41920844.mp3,-275.5542,142.44893,-17.698206,18.185556,-29.32855,4.3507586,1.4568213,-23.147171,-9.442929,-6.5638866,-9.45027,-7.847354,-11.893601,1204.9848624210704,1085.8649308990393,2112.1031746031745,159.45116058911094,14.4661381015177,female
trimmed_common_voice_en_41920845.mp3,-253.30124,127.119896,10.710049,15.533656,-23.937994,4.6390443,-11.709314,-22.104105,-19.185953,-9.527982,-5.3225822,-7.2677217,-9.70738,1153.8285321040405,1250.3364877269098,2124.0079365079364,157.23477899966065,14.844791795993105,female
trimmed_common_voice_en_41920846.mp3,-263.34763,127.74903,-0.34275746,0.5143008,-8.357734,5.379868,-29.253716,-11.290701,-17.965174,-4.071871,-12.964323,-6.7459235,-9.333735,1343.8681170153077,1230.1942569920589,2320.684523809524,171.31835989558013,22.246105980007787,female
trimmed_common_voice_en_41920847.mp3,-245.24722,98.19722,8.317139,21.799555,-18.995943,-0.2599775,-13.170511,-17.231476,-21.894781,-3.6505938,-5.996761,-5.3892503,-5.4746833,1593.7464253532921,1334.759159712,2707.589285714286,159.36867354938596,11.196955373064023,female
trimmed_common_voice_en_41920848.mp3,-341.48306,105.76706,12.927584,0.9725747,-14.61777,-3.816532,-9.505261,-12.96879,-4.7187533,-20.279665,-9.462043,-1.9072876,-5.3316026,1580.8512539560131,1303.0655980084668,2625.248015873016,154.2872277314365,11.831761958112521,female
trimmed_common_voice_en_41920849.mp3,-280.50064,124.10674,39.33341,27.174524,-24.458006,-9.360152,-17.859928,-12.955556,-15.851347,-18.930773,-12.309837,-3.334597,-2.4421968,1224.7937801786038,1177.2519214339034,1947.9166666666667,151.77790394474374,7.887184274653887,female
trimmed_common_voice_en_41920850.mp3,-328.19656,136.29619,9.405175,8.938429,-19.341784,-9.623185,-3.0491064,-17.336826,-12.8492775,-12.961702,-6.6595078,-2.9855618,-0.6457472,1093.4139044777714,944.8793081538682,1823.9087301587301,153.19613225425783,12.925811445099585,female
trimmed_common_voice_en_41920851.mp3,-251.67513,105.663414,14.822574,18.75364,-14.091978,-13.211024,-22.062843,-11.87164,-20.087095,-10.691915,-11.663157,-3.058376,-3.6758852,1500.2129613627121,1403.9993559615518,2580.1091269841268,154.08604513877157,11.596120454353136,female
trimmed_common_voice_en_41920852.mp3,-233.94241,132.7886,-2.5078712,30.787996,-18.148575,-12.015005,-15.493415,-16.532099,-15.751591,-9.342544,-11.8950405,-7.437337,-6.4176946,1010.0607062447483,1176.3501931224364,1762.4007936507937,159.16390282804159,13.539977661108484,female
trimmed_common_voice_en_41920853.mp3,-244.41595,106.608406,16.26846,37.118587,-5.474062,-8.621751,-14.723283,-18.084217,-17.216637,-14.83775,-11.461259,-3.862625,0.034501683,1496.7315623314644,1332.1145224410554,2603.1746031746034,151.68927939773593,12.218640706981542,female
trimmed_common_voice_en_41920854.mp3,-226.72797,76.87313,24.304546,41.23695,-23.049438,-10.7193985,-9.975201,-9.626376,-17.945745,-16.599504,-7.8108974,-2.4896667,-4.779787,1927.0452516404453,1469.8643744556175,3307.5396825396824,148.71246207057925,10.23328115524253,female
trimmed_common_voice_en_41920855.mp3,-273.1974,106.0704,19.650942,21.32575,-28.395052,-0.6405716,-14.2906065,-9.066217,-24.05517,-5.7285485,-6.939509,-4.4638357,-4.10486,1587.4107547215253,1362.7372825461287,2785.9623015873017,157.2479000261247,10.55467615463253,female
trimmed_common_voice_en_41920856.mp3,-268.72226,133.4602,10.612354,20.358547,-27.834444,-2.154534,-13.650244,-13.869925,-17.846079,-20.294134,-1.0034872,-5.0106897,-4.056544,1265.6801600953374,1117.7164583027838,2164.6825396825398,162.15968830414002,17.16279406046003,female
trimmed_common_voice_en_41920857.mp3,-277.4763,98.01369,19.54307,37.654472,-21.670444,-5.086177,-14.391786,-9.9917555,-18.56025,-13.539423,-5.851355,-4.747424,-6.2706113,1501.6685766550863,1458.1625942838743,2913.4424603174602,162.45112088253342,15.072522537548133,female
trimmed_common_voice_en_41920858.mp3,-294.52713,117.62618,15.1608925,13.435708,-25.054213,-9.243609,-8.10151,-21.063154,-12.781492,-17.587185,-12.2968235,-0.62396014,-4.016743,1363.2634403065006,1223.1790322580666,2450.3968253968255,163.0749428642838,14.297107756463797,female
trimmed_common_voice_en_41920859.mp3,-248.9087,101.803535,-1.3817838,27.928082,-20.021023,-7.4647474,-9.110559,-15.324397,-13.305625,-16.201128,-12.199147,0.5970075,-4.690786,1658.9766097323968,1310.9270047174289,2844.4940476190477,176.68924558675639,17.37080249947901,female
trimmed_common_voice_en_41920860.mp3,-285.4302,122.2721,27.130333,12.912621,-25.242798,1.7403055,-12.203317,-16.082691,-15.676705,-11.565366,-3.4480157,-6.9287815,-1.5088644,1211.3592758491998,1271.1485782071315,1954.1170634920634,155.20934325183686,16.94690791772695,female
trimmed_common_voice_en_41920861.mp3,-257.54776,113.06778,19.400988,4.8047223,-16.872786,-1.0987735,-24.447891,-6.181892,-21.502037,-9.847038,-12.495265,-0.19792691,-1.6509005,1511.1010415932428,1304.7074211719294,2400.2976190476193,150.21438077675532,10.690247912427184,female
trimmed_common_voice_en_41920862.mp3,-238.9569,102.513664,10.3607025,41.871906,-13.253036,-15.453042,-14.34482,-10.151967,-18.702755,-13.3603,-11.912582,-1.2851303,-0.78336805,1390.044190844083,1303.6099051561353,2467.0138888888887,151.74238981607607,8.75832792192981,female
trimmed_common_voice_en_41920863.mp3,-278.2479,108.44376,13.685583,22.885075,-16.141043,-10.097197,-15.889929,-11.281384,-18.969265,-17.221165,-10.620561,-0.9317873,-3.6476488,1585.810866654856,1349.2845156670403,2696.1805555555557,151.3216518339678,8.60765508744692,female
trimmed_common_voice_en_41920864.mp3,-278.4514,136.29843,23.617935,17.224916,-23.426289,-4.295818,-18.745584,-14.975759,-11.29532,-15.798014,-14.980358,-1.2921997,-5.2404346,1055.199251610569,1077.4158431715846,1634.1765873015872,153.96355829459665,12.758534058855062,female
trimmed_common_voice_en_41920865.mp3,-307.3987,88.638535,10.062222,32.642277,-32.42114,-12.705874,-10.355455,-19.783207,-15.152442,-19.2715,-7.7939,-4.6110344,-5.9780107,1551.3933678034502,1357.4924218688632,2650.7936507936506,192.60352214862561,79.27306050069141,female
trimmed_common_voice_en_41920866.mp3,-268.95486,135.68378,-4.190802,23.613827,-27.435549,-23.179136,-21.073868,-8.083204,-17.049057,-13.14974,-2.4626772,-17.277058,-2.9500966,1047.3397013664207,1124.0286465864808,1879.2162698412699,171.71326186004126,16.087602551996646,female
trimmed_common_voice_en_41920867.mp3,-287.221,106.48406,7.5133862,17.1055,-28.156134,-4.779497,-11.993242,-15.681051,-10.247319,-17.837273,-4.383945,-6.054704,-4.524397,1479.5028972000966,1386.944185909549,2782.4900793650795,157.62551186201054,15.014116321894525,female
trimmed_common_voice_en_41920868.mp3,-244.16478,134.81583,9.619968,7.9818125,-26.958443,5.8881555,-22.215174,-21.600502,-9.346046,-10.806977,-9.074274,-3.6191895,-4.6389394,1217.5667290323806,1112.3800937042154,1869.047619047619,154.44724912892605,8.110911720966493,female
trimmed_common_voice_en_41920869.mp3,-248.15672,58.63687,7.40814,26.467833,-25.15371,-26.593374,-9.022782,-15.844343,-22.074566,-3.9308035,-9.665703,-10.461166,-2.1670961,2275.4719368006877,1704.4090315525789,4129.712301587301,169.29583762458745,14.753744555534967,female
trimmed_common_voice_en_41920870.mp3,-262.42535,101.58405,-20.82927,18.207058,-43.798515,-13.603963,-14.8199835,-6.3871355,-17.652678,-5.492277,-6.99905,-8.067361,-5.822975,1810.6934398115689,1335.2025370695785,3111.8551587301586,160.4126483880511,11.84937544462915,female
trimmed_common_voice_en_41920871.mp3,-262.97763,98.68882,0.27008215,25.225069,-39.357754,-18.339392,-19.927526,-2.8961618,-21.421568,-8.059262,-15.12845,-8.238574,-2.141766,1520.8918579270812,1433.3771852302937,2876.2400793650795,170.44697014825738,21.170136962878363,female
trimmed_common_voice_en_41920872.mp3,-251.93777,117.305565,-30.964863,16.727743,-31.207474,-2.358303,-20.174587,-16.707697,-12.4338455,-7.6466703,-15.919146,-7.431684,-3.4768934,1349.7080246399246,1241.3910940471,2411.7063492063494,173.08435285024004,18.945217172293123,female
trimmed_common_voice_en_41920873.mp3,-249.68416,93.21146,-4.7116284,4.193014,-38.26872,-11.901555,-25.841206,0.26801437,-13.759208,-4.47411,-11.550328,-9.113136,-4.7029314,1861.3769284748525,1456.1109461815947,3148.065476190476,160.12228789299138,10.379987415650826,female
trimmed_common_voice_en_41920874.mp3,-272.1,119.60778,-16.152788,7.081138,-31.79749,-10.025901,-15.181748,-9.025103,-15.0001955,-3.5197923,-9.830707,-9.557697,-5.132092,1361.2821052687063,1288.2236463618826,2363.839285714286,170.1733792304111,12.212012150573736,female
trimmed_common_voice_en_41920875.mp3,-276.07516,133.66524,-23.91281,4.4240866,-42.037464,2.0042474,-19.763702,-3.373607,-16.203016,-7.458177,-8.672194,-13.777526,-2.124217,1113.1869539408913,1148.1746919647555,1955.357142857143,169.64153118470088,19.59598029102735,female
trimmed_common_voice_en_41920876.mp3,-204.22627,97.23387,-3.9533148,8.602636,-34.27525,-19.265207,-18.701862,-1.7513415,-18.52804,-2.7945056,-13.53958,-14.981149,2.3636987,1644.8066370724089,1510.4068327162206,3112.5992063492063,163.38049614098387,21.370424516326434,female
trimmed_common_voice_en_41920877.mp3,-290.55664,77.61313,-21.316864,3.3160338,-27.0674,0.5021551,-16.237309,-6.1835628,-15.176626,-4.902033,-13.895071,-4.924458,-2.619218,2083.709351791686,1476.4042376012699,3504.9603174603176,160.08339049737515,6.4028361163252185,female
trimmed_common_voice_en_41920878.mp3,-247.38985,79.20879,-1.6486348,0.53706217,-29.57913,-17.146833,-23.964958,0.58150256,-16.898684,-2.814576,-11.681735,-3.955035,-4.3211317,1929.0815550411728,1666.4235641251007,3539.186507936508,169.93034156478137,15.298839412191999,female
trimmed_common_voice_en_41920879.mp3,-313.47495,76.06312,-9.55351,2.5578153,-27.67653,-6.250853,-16.35373,3.165363,-13.09369,-1.6546742,-5.6728463,-14.248928,4.055882,2000.0943490093885,1586.1147463529246,3590.7738095238096,169.87681473214948,17.80781609563897,female
trimmed_common_voice_en_41920880.mp3,-280.76785,107.256744,-4.1406484,18.208916,-33.509975,-12.257634,-11.141198,-9.436272,-19.545826,-8.256585,-7.2738423,-17.312574,-0.54761404,1574.6440793492225,1379.6227871946107,2943.2043650793653,162.79693306406642,13.935608454445587,female
trimmed_common_voice_en_41920881.mp3,-265.734,82.29044,3.1341097,7.5328736,-33.961723,-8.040135,-16.88301,-4.8606353,-14.8388405,-9.315808,-10.8876705,-6.5713706,-2.8812625,1937.2599190894637,1460.5338560971923,3252.4801587301586,163.1578087514074,13.175695685169648,female
trimmed_common_voice_en_41920882.mp3,-258.95996,106.92036,-13.302417,14.769739,-37.710827,-13.454823,-19.390888,-3.1088905,-18.062168,-8.196133,-4.739912,-20.86916,1.505848,1627.2615111738241,1359.006073327929,2906.498015873016,162.03368355170778,9.396536931755932,female
trimmed_common_voice_en_41920883.mp3,-258.08194,133.45114,16.826805,22.227343,-13.61125,-3.5578816,-7.16822,-19.27062,-10.09624,-20.704214,0.7571193,-5.8653965,-2.7891152,1114.6417675599278,1254.0224406358625,1991.5674603174602,150.19393626236146,7.444583367059534,female
trimmed_common_voice_en_41920884.mp3,-294.8993,84.61164,5.5044203,32.73708,-24.369585,1.9800588,-17.255695,-15.35925,-4.7340055,-19.143795,-9.528957,0.47854403,-4.5219984,1767.0082937470906,1430.8179369320685,3037.2023809523807,146.29135371167925,6.201281978384223,female
trimmed_common_voice_en_41920885.mp3,-263.5276,129.10608,14.202338,2.9567173,-9.814698,7.6173463,-8.713748,-13.724369,-14.456624,-22.187735,-2.4379354,-5.0752764,-9.859241,1196.2311253178857,1314.0748463684183,2067.9563492063494,153.58008666772315,8.08513720789556,female
trimmed_common_voice_en_41920886.mp3,-258.25342,107.1479,10.608203,20.02427,-17.385332,-4.853291,-17.29131,-14.503168,-11.257408,-14.406368,-8.251815,-1.8818456,-3.9017544,1597.2676331112075,1337.1092250314448,2661.2103174603176,159.85163831278186,15.662282082385776,female
trimmed_common_voice_en_41920887.mp3,-293.87222,96.69184,8.09367,10.341903,-22.592093,-1.5789875,-23.265804,-14.35761,-12.340176,-8.514884,-7.3629313,-2.1705415,1.003947,1607.818221603301,1313.9394408322714,2710.565476190476,157.569717156031,7.507899135121738,female
trimmed_common_voice_en_41920888.mp3,-260.51123,84.402824,14.877436,37.508877,-27.869987,-9.216601,-21.854752,-8.2816725,-22.676878,-10.814347,-6.0997276,-6.714596,0.18817046,1717.9817266917037,1453.7453713367963,3153.5218253968255,153.93487315151293,11.359851868629654,female
trimmed_common_voice_en_41920889.mp3,-270.82285,101.474205,8.369671,25.55096,-24.115835,-10.177459,-20.821152,-10.981509,-24.938509,-14.73199,-10.743943,-8.166699,-2.3192253,1421.9252275668732,1389.2047343149047,2636.656746031746,175.81682010715073,24.65071278498937,female
trimmed_common_voice_en_41920890.mp3,-267.77072,121.62821,1.1980438,0.83936054,-22.305525,-7.2601233,-19.017183,-20.31691,-16.546925,-7.884227,-11.428712,-3.144885,-3.6091394,1503.2841970852107,1198.822979650552,2592.5099206349205,165.89165305278732,13.000600337124212,female
trimmed_common_voice_en_41920891.mp3,-293.81274,118.75116,19.000349,42.13171,-16.38704,-24.050121,-21.100475,-9.968396,-17.039782,-18.179384,-9.053756,-6.7584705,1.9726408,1283.8989227270663,1213.0976012954081,2193.2043650793653,159.97729811761414,11.0270602711288,female
trimmed_common_voice_en_41920893.mp3,-263.6372,92.083115,28.052532,14.380938,-20.977335,-7.9993,-13.9341755,-13.626954,-17.386059,-9.728211,-9.871311,-4.559495,-4.308655,1945.5166972416946,1406.745279773414,3209.3253968253966,153.50170146373284,9.316366638155815,female
trimmed_common_voice_en_41920895.mp3,-346.8781,136.1878,22.987684,16.232096,-15.287644,-16.094202,-3.2183602,-18.494457,-16.397383,-8.409733,-7.852904,-9.663457,-1.3754299,922.484135143039,1104.441429005565,1718.2539682539682,157.65121201181708,14.655608188145601,female
trimmed_common_voice_en_41920897.mp3,-307.6547,150.78587,4.92595,9.944713,-9.156386,-12.193688,-16.02931,-11.324786,-18.726677,-9.85275,-13.870565,-8.350326,-0.9720979,1130.917057771993,1080.0449474480222,2013.392857142857,165.81915454329513,16.23623903584453,female
trimmed_common_voice_en_41920900.mp3,-289.217,74.50609,23.284252,26.12826,-8.75692,-17.454752,-15.457424,-6.138963,-26.683657,-10.137163,-8.717386,-5.8584666,0.84981227,1978.4559460147168,1446.811260784757,3177.3313492063494,161.60845464451629,14.438230984912883,female
trimmed_common_voice_en_41920901.mp3,-270.42023,104.18559,18.89416,15.613883,-19.67123,-3.4097185,-24.84947,-10.465692,-17.765596,0.14814897,-17.542374,8.031866,-18.570232,1483.236369479157,1547.5702335267383,2740.5753968253966,181.49064881832078,20.12449188453331,female
trimmed_common_voice_en_41920902.mp3,-313.095,90.482796,15.038088,41.886032,-14.321,-12.944632,-13.673919,-17.261497,-17.131311,-12.922429,-5.7742567,-6.5659857,-8.768682,1440.9682559853636,1322.4678444193548,2573.660714285714,168.48886414235255,12.234787957707987,female
trimmed_common_voice_en_41920903.mp3,-290.8356,94.56887,13.145361,-10.980879,-9.697933,5.1939874,-21.848288,-8.504655,-14.402806,-10.606437,-11.888286,0.48191735,-4.427442,1936.0213077486344,1491.880130705254,3236.8551587301586,167.37679896737492,7.982402685598863,female
trimmed_common_voice_en_41921340.mp3,-329.17145,102.276665,5.4706664,19.831509,10.085565,-4.1166506,-7.1585245,-3.12351,-3.9113033,-3.234944,-9.952131,-1.1711212,-0.3673436,1649.0588848768655,1356.9631557676516,2865.5753968253966,201.38127395060988,27.12140030508478,female
trimmed_common_voice_en_41921341.mp3,-266.87628,114.67391,29.86298,48.997337,0.98003894,-2.896101,8.438866,0.43496004,-2.8286035,0.042587355,-6.029295,2.0691822,12.175125,1276.8911418504658,1406.2634290350802,2319.4444444444443,190.3647924337023,20.799934275705578,female
trimmed_common_voice_en_41921342.mp3,-283.0081,130.5414,10.284158,39.328304,-0.30873513,1.7013913,-9.222756,-9.564828,-9.337719,-8.062928,3.560661,-3.5702481,10.079096,1083.43164317484,1255.2799101462626,2128.472222222222,171.85997322374666,12.694998786464957,female
trimmed_common_voice_en_41921343.mp3,-302.85025,105.16307,22.704647,46.380074,14.526514,-7.1931252,-1.185191,1.3260579,-2.96891,0.27816322,-5.9730105,2.2271104,8.596341,1380.2735554676908,1364.9890387912164,2501.7361111111113,182.35378546694008,25.523593636063918,female
trimmed_common_voice_en_41921344.mp3,-248.75952,84.849976,21.876839,56.715965,6.793551,-19.860136,-2.2912645,1.5779349,-11.6484,-1.2466531,0.20044377,6.577769,10.085766,1925.1168208742233,1589.75877441622,3444.940476190476,175.06444522296655,15.130904820326137,female
trimmed_common_voice_en_41921355.mp3,-269.78827,104.999855,-7.8502116,23.08531,0.5497944,-8.774645,-2.2344606,-0.8937597,-3.7046154,1.7540106,-8.571651,-0.107835464,5.5119066,1794.5432867079928,1355.631780483231,2991.5674603174602,179.26161151937313,14.997462513641858,female
trimmed_common_voice_en_41921356.mp3,-321.8509,129.20557,-15.94844,25.381903,10.305989,-4.887266,2.3813827,3.7518797,5.2996097,0.3730328,-8.390511,-2.6298974,3.8828475,1043.18313833389,1226.205377489029,2042.906746031746,181.7176260751887,25.351140116810374,female
trimmed_common_voice_en_41921357.mp3,-281.44724,120.73296,15.165236,40.326603,8.3860035,1.824946,-0.14124964,-4.168049,0.53775847,4.3325925,-0.65399086,1.2331805,8.86013,1336.505426998666,1349.8065407859704,2485.1190476190477,149.66027279098165,34.98571993843684,female
trimmed_common_voice_en_41921358.mp3,-271.1189,104.210144,8.3038,42.45062,4.7535152,-4.192901,-11.748124,-10.138685,-14.052579,-5.1373706,-4.268806,-0.5749776,7.971972,1541.7860902079726,1365.9915473804645,2720.9821428571427,178.27533172373035,10.545914120851105,female
trimmed_common_voice_en_41921359.mp3,-314.8142,121.44778,6.188592,21.811766,-0.49148184,0.87592864,-9.24908,-0.8515562,-4.1138663,-2.3756368,1.3561089,4.3999124,5.774155,1372.0974293570023,1304.5195515740384,2403.5218253968255,172.3177991413279,14.700048660415426,female
trimmed_common_voice_en_41921371.mp3,-240.06775,81.80478,29.02261,63.612404,-8.53538,-8.70495,-3.4599376,-7.607864,-13.946483,-7.4081173,-0.57803375,0.7891453,13.465622,1855.573064268168,1423.0648560879317,3189.9801587301586,182.18631900415406,19.531355620108265,female
trimmed_common_voice_en_41921373.mp3,-254.7717,93.711876,38.837837,53.314133,4.8108974,0.07754153,-0.8415406,-7.817834,-14.774688,-4.1469264,-4.5668106,6.3541274,10.568231,1642.5230837790507,1533.2402094892934,3024.8015873015875,181.6875035922989,13.730007524533216,female
trimmed_common_voice_en_41921375.mp3,-264.5975,111.19754,18.727497,18.47575,16.592113,-7.5487537,-10.517136,2.3486416,-3.3781493,10.145608,-7.735653,-0.97207034,6.8129377,1851.9596170678747,1497.0008359019405,3178.3234126984125,190.0453977759361,16.498050524523418,female
trimmed_common_voice_en_41921376.mp3,-303.7809,139.29239,5.7244306,30.875298,0.039839305,5.411437,-5.43864,-3.14206,-1.8191886,-1.468393,-1.9675094,4.8245196,5.8950853,1243.4956151756157,1160.410153631802,2109.375,168.20826660157005,18.85503505968312,female
trimmed_common_voice_en_41921377.mp3,-298.67377,110.07686,16.660818,35.79249,9.586616,3.5764546,-7.546265,-10.168376,-14.908765,1.3261877,-8.833768,3.3861105,14.667762,1644.6053182556232,1356.6961188580558,2851.686507936508,180.2975322616131,19.743813277503765,female
trimmed_common_voice_en_41921383.mp3,-318.85126,116.206795,17.58531,16.484962,-6.1198006,1.6897485,-2.9830565,-9.264889,-0.77004623,-6.096984,-5.617903,7.607467,0.22689898,1549.8433567444688,1225.697280993206,2480.15873015873,205.28137688372203,24.958752252620847,female
trimmed_common_voice_en_41921384.mp3,-287.74255,87.893074,23.900778,50.324417,-6.332721,2.8420856,-10.977547,1.4943806,-1.0347815,-2.4355662,-3.414906,8.69031,10.086791,1567.747564236132,1511.1281618913476,3049.1071428571427,165.96891130486497,52.03699294743204,female
trimmed_common_voice_en_41921385.mp3,-282.28165,108.25698,-7.7326374,46.668488,-9.680509,-5.27668,-14.57839,-13.668008,-10.798092,-3.8818426,-1.9525313,-3.3190703,12.31673,1420.8084395752041,1364.6430996912352,2692.9563492063494,188.35841266501455,20.541374186721125,female
trimmed_common_voice_en_41921386.mp3,-232.52615,79.00839,25.907759,42.1806,7.379496,-3.8929405,-12.366471,1.8086563,-11.016213,8.653539,-4.8290653,7.932597,8.816489,2228.377165189198,1651.325078183747,3776.2896825396824,189.81639540538225,15.95640011107775,female
trimmed_common_voice_en_41921387.mp3,-273.87073,119.79056,-1.8805113,45.050655,2.629062,-2.4781034,-10.494153,-11.892135,-2.5761764,1.5384512,-4.686646,-2.1198275,11.862473,1312.926459458837,1294.1128141260176,2514.1369047619046,184.0046563391693,21.310577412093824,female
trimmed_common_voice_en_41921393.mp3,-275.91736,94.4791,21.582481,28.836012,0.65622,-3.8602157,-13.828548,-4.27301,-8.474747,2.595125,-4.8712206,8.598458,3.9081023,1920.4340712119827,1514.8007175795717,3415.9226190476193,184.8645606934484,10.234868211046129,female
trimmed_common_voice_en_41921394.mp3,-238.18373,89.08012,18.698376,52.232983,-3.1951602,-12.640521,-0.14792404,0.21799804,-6.475037,-1.1379553,-6.433044,6.445421,7.2366,1874.8537755969157,1627.0460873987945,3506.2003968253966,190.80049861317184,13.465390291585367,female
trimmed_common_voice_en_41921395.mp3,-242.7201,111.136734,0.39395407,54.194046,0.33453777,-5.695197,-14.1585045,0.58339953,-0.84106475,1.1054628,-3.4353433,8.447862,2.665254,1466.3367061893546,1320.9307716991714,2707.093253968254,179.5794350826331,9.351353870695194,female
trimmed_common_voice_en_41921396.mp3,-258.76343,104.28144,-4.5852075,40.20459,-2.4672782,-8.263338,-12.222462,-6.395831,0.43440127,5.920472,-9.528823,-1.0483049,-0.46969885,1608.7279410376816,1439.4877837656818,2961.309523809524,193.13550091942125,28.984241357313984,female
trimmed_common_voice_en_41921397.mp3,-290.1492,130.20824,-8.535479,33.741295,0.4082478,-10.043205,-12.179334,-6.8067913,-6.9676347,-0.38426194,-5.436124,-6.608169,8.317472,1311.3371379435562,1182.0620421471654,2349.9503968253966,177.62947005344373,11.798010387535912,female
trimmed_common_voice_en_41921403.mp3,-356.5637,118.64996,-3.397671,16.82698,8.427294,4.9608045,4.711769,1.9709272,1.2076455,2.427626,-2.5653312,1.3372554,2.8207667,1376.6452719067381,1367.9490904398294,2561.2599206349205,186.52271597075912,18.867702350361977,female
trimmed_common_voice_en_41921404.mp3,-241.61111,112.56856,27.034412,30.713842,2.9259608,5.1766243,-4.8702526,-8.006991,-10.58204,1.1873797,-0.21875861,4.518237,7.023236,1573.7063207485485,1359.7395447883553,2721.9742063492063,186.39542151170465,17.378181652382622,female
trimmed_common_voice_en_41921405.mp3,-335.553,112.60812,5.591243,35.326077,1.6068913,-3.921143,-4.3124733,-0.6677956,0.3005574,1.0086265,-5.24841,2.7517915,1.2953982,1117.3814552901645,1313.8579459991458,2115.3273809523807,192.14394018769627,36.292646927017636,female
trimmed_common_voice_en_41921406.mp3,-273.31546,90.583405,29.282797,51.69995,12.178641,-7.2988863,-8.031809,-0.10312639,-14.620736,-0.116825044,-5.922183,8.211804,8.500668,1811.3161643856188,1494.8617333816774,3162.6984126984125,176.94637836269024,10.099138214727722,female
trimmed_common_voice_en_41921407.mp3,-320.13284,106.339066,1.9515319,38.169605,-13.625956,5.8782945,-4.3461742,-10.014515,-1.5372071,-0.35634637,-0.5156573,-4.5715466,5.5483837,1373.725922834758,1391.8732290955002,2609.375,232.85613495382123,51.52833154734336,female
trimmed_common_voice_en_41921419.mp3,-259.48602,111.36437,6.0978684,33.16515,14.26305,1.2606701,-4.0826836,-11.150322,0.50936973,6.10325,-1.0843457,6.3181534,0.79123646,1715.8370636716968,1399.289145637907,2900.7936507936506,185.49883510598755,15.690125534352788,female
trimmed_common_voice_en_41921420.mp3,-286.73972,117.61976,-11.771164,21.60152,-2.7670329,1.4676692,-3.1697009,-9.502459,-1.7491657,5.0905285,-4.488261,1.6081994,4.20887,1648.482715922518,1356.8493094299952,2886.656746031746,191.4695636591813,13.233432256525221,female
trimmed_common_voice_en_41921421.mp3,-287.1473,95.78019,7.32466,52.472015,10.137344,8.034026,0.81946975,5.7942224,-6.163337,-1.9383364,-4.0402794,2.0871267,6.9424925,1733.8021882635946,1500.8314094253183,3251.4880952380954,197.52312937445575,15.90531746728443,female
trimmed_common_voice_en_41921422.mp3,-266.1453,102.84046,3.03056,50.46275,-2.3033934,0.35873199,-3.824933,-6.9718533,-1.6481107,-1.5862958,-2.8871207,5.293811,6.2929683,1681.59865431734,1370.177117951032,2947.1726190476193,203.93924151324072,28.063056619374745,female
trimmed_common_voice_en_41921423.mp3,-277.27594,81.94177,24.414034,54.23497,-6.670598,-15.047007,9.078984,-5.801578,-10.86552,1.5130675,-2.853755,4.179505,7.3784494,2060.0765407013973,1449.2483052779182,3394.593253968254,194.7466599455651,10.399389873817459,female
trimmed_common_voice_en_41921439.mp3,-299.7294,126.61702,-4.463547,11.067265,7.003853,-7.0390277,-3.82678,-17.265446,-3.7299442,1.7953999,-10.818126,3.4830525,0.26161307,1203.507568291064,1381.7235692953266,2254.9603174603176,183.92456468133756,18.43942801680941,female
trimmed_common_voice_en_41921440.mp3,-313.65594,101.36991,-5.9272866,36.84121,2.7388592,-4.6951094,3.5904553,-6.315141,-9.93251,3.6798573,-3.334613,4.540538,4.630205,1775.381753923268,1499.1703238606797,3239.3353174603176,185.9397397810304,18.483107155937983,female
trimmed_common_voice_en_41921441.mp3,-285.03214,130.69777,15.251698,41.883778,5.917818,0.36746898,-1.5783567,-6.22138,-16.879549,-5.4279313,-2.5043566,4.0721574,5.6519713,1247.4827902930595,1289.3518651524016,2387.6488095238096,184.66565188655576,8.996607393447034,female
trimmed_common_voice_en_41921442.mp3,-271.67227,106.17081,6.890801,60.93804,-0.5139997,4.9410095,-1.1247842,-6.3263564,-9.040606,-2.2127893,4.0187707,-3.425276,3.189368,1390.7665956898368,1448.3033424431349,2783.7301587301586,194.0516291951692,17.490097303617002,female
trimmed_common_voice_en_41921443.mp3,-291.2641,117.03307,-4.118438,30.29212,-0.54679036,-8.611911,0.8055932,-3.2343953,-11.030241,6.369917,-3.567976,-4.2131786,-2.2681541,1543.6088981516655,1386.39650735238,2772.0734126984125,192.7550163395293,16.384241732815887,female
trimmed_common_voice_en_41921731.mp3,-378.6529,58.05187,-29.000122,-1.6525631,-11.42308,0.6928857,-20.646662,-12.948697,-2.336519,-2.2817006,-12.840525,6.2463555,-7.823999,2184.4446126728158,1594.4491764047075,3831.845238095238,224.95386336003227,28.567829493148956,female
trimmed_common_voice_en_41921732.mp3,-393.54196,41.69116,-37.986187,1.4964273,-10.523894,-10.0976,-24.751982,-12.601504,0.04523895,-8.501417,-12.917483,9.365129,-0.96151805,2126.341684876922,1696.5668446775765,4085.3174603174602,251.94828488902755,21.0433764256007,female
trimmed_common_voice_en_41921733.mp3,-402.77948,50.070217,-22.250353,5.1378765,-20.421995,-6.230337,-27.934858,-16.932474,-12.669973,-17.170717,-12.5603895,7.7272635,-9.571764,2137.430311646853,1705.1264224450922,4107.886904761905,267.909245409711,30.95371862080936,female
trimmed_common_voice_en_41921734.mp3,-327.7698,61.562035,-36.428967,22.031898,-22.030214,-13.002753,-29.22684,-7.4810925,-11.313351,-10.717477,-14.85795,6.0342417,-2.8071938,1698.4850634843046,1460.0536530641384,3207.589285714286,240.76590358627394,22.694095213267186,female
trimmed_common_voice_en_41921735.mp3,-365.65863,72.33448,-21.241592,20.094275,-13.612229,-11.716744,-22.972597,-9.673745,-8.749162,-12.033542,-11.7924,13.310661,-2.3816726,1812.9567039602402,1503.8319716571539,3371.7757936507937,303.92648045465234,153.88521413792978,female
trimmed_common_voice_en_41921736.mp3,-307.47455,68.58355,-41.71283,-7.0107727,-23.222147,-7.0796137,-27.919327,-15.96481,-4.283717,-14.658044,-16.92526,6.9673195,-10.179622,1816.305226440072,1524.9348511571845,3383.4325396825398,270.9518929663971,37.258658342773394,female
trimmed_common_voice_en_41921737.mp3,-294.46634,74.52981,-25.787188,2.374803,-25.137363,3.0671031,-36.782677,-26.318329,-5.2270613,-10.22926,-13.458801,7.304166,-13.358764,1904.8561058285095,1527.2945370080395,3401.0416666666665,253.39341627834483,30.01999511438287,female
trimmed_common_voice_en_41921738.mp3,-368.9269,59.69262,-41.7577,30.041279,-23.34368,-3.5612662,-28.739008,-19.78678,-2.0499847,-11.756613,-12.477809,8.9681635,-9.19394,1831.3326694549587,1444.897454568412,3392.3611111111113,258.4509925161001,42.75770883671024,female
trimmed_common_voice_en_41921739.mp3,-395.85858,50.10433,-37.582176,-3.238887,-20.121515,3.8770912,-29.29482,-9.692234,3.0254433,-4.5749755,-9.233903,7.390703,-5.1779027,2010.221141438568,1613.1979509620826,3839.0376984126983,241.4519285479614,26.19932075493429,female
trimmed_common_voice_en_41921740.mp3,-353.52087,64.34345,-29.123554,18.021284,-17.892862,-15.98851,-31.857706,-15.914137,-5.7167344,-9.483921,-15.288759,8.675352,-7.824304,1794.0316897859457,1521.0089069585647,3458.5813492063494,248.94057425198685,18.3484959056248,female
trimmed_common_voice_en_41921741.mp3,-359.20712,48.16492,-44.557846,11.976701,-26.501537,-11.033175,-37.441624,-17.83003,-2.4557688,-2.1067994,-11.795539,15.490963,-7.811591,2246.229273501811,1503.7117998429742,3809.2757936507937,305.44051888077354,132.79451757635042,female
trimmed_common_voice_en_41921742.mp3,-335.60132,50.627434,-46.286327,3.3357189,-11.606444,-10.295067,-28.640472,-10.905135,-1.2491962,-5.6032405,-15.40043,10.060351,-7.2940927,2128.692900837905,1567.95222226283,3814.9801587301586,233.95463236391987,14.8673207237214,female
trimmed_common_voice_en_41921743.mp3,-354.4769,74.950134,-41.40418,-8.415918,-13.779395,0.34183198,-27.75165,-16.716463,1.7250608,-5.2707734,-12.480509,8.28959,-6.1916895,1728.404422933486,1419.1474893224251,3110.1190476190477,242.16658239275287,24.811464955802663,female
trimmed_common_voice_en_41921744.mp3,-381.01617,57.122967,-40.157486,7.853799,-10.741484,-12.440332,-28.145523,-8.015712,-2.3887608,-2.9772196,-10.28354,15.860007,-9.924667,1993.5704411780162,1538.2711159114738,3630.2083333333335,239.596370391731,34.92452069223381,female
trimmed_common_voice_en_41921745.mp3,-360.96564,75.92764,-25.64657,18.501379,-13.082481,-6.0463505,-25.930902,-19.215998,-1.1021636,-4.5008807,-10.062169,6.7584867,-3.9883466,1522.803701576026,1437.9481599811068,3091.7658730158732,247.6660901103685,24.65056302515835,female
trimmed_common_voice_en_41921746.mp3,-263.4356,82.00562,-60.490654,13.302045,-26.079126,-16.219069,-21.435837,-11.512331,2.7931135,-14.965111,-12.658653,6.400142,-14.233365,1689.9402919811678,1339.2004478417375,3064.9801587301586,257.6374629709167,40.24005291168981,female
trimmed_common_voice_en_41921747.mp3,-279.8671,62.871174,-65.502815,6.2735434,-35.67275,-4.8081183,-31.087086,-23.641367,0.8529696,-16.506138,-15.463005,0.12308867,-10.997874,1895.2067385068922,1416.3937093969978,3377.4801587301586,264.79537726546454,40.58807963800039,female
trimmed_common_voice_en_41921748.mp3,-354.701,43.734802,-39.71791,10.980411,-20.732986,-18.319248,-31.65566,-11.648238,-4.1970816,-11.739893,-5.027999,6.445501,-9.896553,2210.4117997420035,1577.3075655238983,3848.9583333333335,253.9713152526102,31.16564245644294,female
trimmed_common_voice_en_41921749.mp3,-307.83585,80.401024,-53.04688,4.199961,-29.457472,0.9307156,-26.60956,-24.3792,7.869384,-11.800597,-14.858597,7.791149,-11.089509,1720.3790238389745,1401.1403862060374,3295.6349206349205,235.79728007862286,27.015608174774254,female
trimmed_common_voice_en_41921750.mp3,-335.4763,75.62989,-22.232704,17.54583,-31.432838,1.4618363,-37.86532,-14.12845,-5.148753,-11.180201,-5.2357144,12.40839,-17.31399,1857.1991911770938,1538.937067919458,3473.7103174603176,296.82347654876384,98.54160413000058,female
trimmed_common_voice_en_41921751.mp3,-346.85785,55.893993,-46.87336,2.3690388,-23.459002,-11.139265,-33.264515,-6.7505183,3.8919425,-10.888483,-14.67055,4.914468,-8.496317,1946.7607488625072,1614.427756732382,3769.345238095238,251.52528270126098,34.35206599566457,female
trimmed_common_voice_en_41921752.mp3,-319.35736,67.594475,-53.368732,2.7294357,-14.636868,-13.997924,-28.941713,-18.983074,3.4455483,-7.0838766,-14.108067,2.8795824,-10.803424,1817.870529800402,1481.0223525159988,3414.434523809524,261.3484593658286,27.862506828872966,female
trimmed_common_voice_en_41921753.mp3,-270.8066,80.94185,-47.900627,-0.16885966,-26.679583,0.47162756,-27.606344,-24.386362,-0.924548,-7.586538,-11.107635,8.566791,-19.516964,1686.0117800866979,1383.4232897802174,2906.746031746032,249.7119164568152,20.081382034846587,female
trimmed_common_voice_en_41921754.mp3,-370.39026,50.284206,-36.47118,9.655921,-8.598104,-17.523417,-20.877419,-4.4591284,-1.5711269,-6.228323,-6.5563455,9.681398,-11.522133,2238.465814302339,1543.8058574240147,3734.126984126984,229.831301992349,43.36559637206056,female
trimmed_common_voice_en_41921755.mp3,-381.3962,52.58047,-41.491898,-12.692751,-13.164515,-0.04881789,-34.3443,-14.693645,5.5255985,-10.804163,-7.1034055,6.720643,-10.843322,2024.711567927424,1480.0827130065575,3516.6170634920636,233.8769562975574,13.990761528505477,female
trimmed_common_voice_en_41921756.mp3,-378.3719,43.117466,-33.487095,13.349636,-17.521202,-13.747025,-27.648037,-13.9803915,-7.8504715,-9.843288,-2.485639,4.1446695,-12.292962,1888.9204815480746,1510.8965025525174,3456.845238095238,258.06525607771476,34.744212056919416,female
trimmed_common_voice_en_41921757.mp3,-256.90488,103.123474,-58.45055,-1.557181,-39.378143,12.816005,-38.016457,-25.59509,6.592623,-17.273186,-7.6399093,1.2100532,-12.062091,1530.2415479730507,1284.3435341167096,2797.6190476190477,240.24295401313202,23.336204371157383,female
trimmed_common_voice_en_41921758.mp3,-359.3784,60.89506,-43.01582,-5.87166,-17.37065,-1.6242663,-25.719418,-12.884681,4.0756807,-9.408485,-12.001887,4.932002,-7.5718284,1977.89722573162,1549.9614199025482,3615.3273809523807,259.48520731850056,31.058895255409322,female
trimmed_common_voice_en_41921759.mp3,-368.7668,64.11571,-42.221207,25.0865,-16.64715,-12.951439,-32.523445,-21.567692,-8.267302,-4.0655904,-15.502669,13.819985,-8.074038,1865.4359169296265,1506.5437814080356,3486.3591269841268,248.7533699714272,28.826880086474116,female
trimmed_common_voice_en_41921760.mp3,-364.4271,36.856556,-45.82946,-4.918249,-20.937752,-7.27258,-23.259727,-16.352453,-0.024253746,-3.2349503,-11.425977,2.1054037,-9.059281,1934.1966595321503,1436.5270235715236,3446.4285714285716,302.6211976329047,65.1219581597683,female
trimmed_common_voice_en_41921761.mp3,-372.38376,66.62409,-37.08504,8.102413,-28.242128,-5.5824275,-31.138878,-15.345369,4.442447,-6.9238796,-9.950556,10.902376,-4.5504646,1631.1089104746934,1380.8756804181112,3086.5575396825398,306.02373208638613,107.67562329482375,female
trimmed_common_voice_en_41921762.mp3,-298.73215,80.387375,-53.889072,16.494696,-23.773941,-11.838316,-32.17244,-18.129038,-6.5244484,-10.909312,-16.627571,2.5365987,-6.339384,1530.1683479240148,1287.0741379472943,2797.8670634920636,243.43073921626282,27.53266509677954,female
trimmed_common_voice_en_41921763.mp3,-415.88705,41.174324,-34.294834,20.192213,-12.745436,-12.857882,-38.96221,-18.916016,0.16581576,-11.099175,-1.3051428,6.821199,-1.3614564,1852.2241146581975,1415.0023945363748,3322.6686507936506,279.5578992584895,99.71576690426699,female
trimmed_common_voice_en_41921764.mp3,-271.10385,85.93474,-53.099026,-0.8732695,-12.027533,-24.237755,-39.887356,-15.644113,3.4096823,-8.617765,-4.5128202,-4.7577863,-14.826492,1788.046229095232,1413.5045735581325,3148.313492063492,263.1436908066088,34.36364151385789,female
trimmed_common_voice_en_41921765.mp3,-271.70926,71.17447,-43.96953,9.455332,-21.842777,-11.728417,-40.500526,-17.025213,-4.5953975,-1.8258231,-18.148975,5.8509345,-16.306759,1919.6968905137323,1503.0131129788313,3495.2876984126983,265.6656237009859,33.59152336443326,female
trimmed_common_voice_en_41921766.mp3,-354.79868,63.03249,-35.15065,11.734859,-12.106009,-9.954843,-20.925978,-15.038748,-3.4535103,-4.3801193,-9.955847,9.059582,-12.345356,1733.0742288231395,1444.639114636881,3218.253968253968,258.0783618552144,37.99441221117634,female
trimmed_common_voice_en_41921767.mp3,-277.25464,78.9306,-32.203594,21.943897,-28.773691,-8.819603,-28.848589,-20.714973,-12.748122,-7.1763353,-18.894741,8.17256,-5.144512,1546.1817466050045,1411.9863593550588,3015.376984126984,244.3705840972694,27.51598189528967,female
trimmed_common_voice_en_41921768.mp3,-337.83472,52.725452,-66.60459,5.472225,-16.538439,-22.29025,-20.845783,-12.989207,4.7694592,-6.8955045,-17.170166,6.758949,-11.739728,2167.1613265498513,1382.1210613418964,3600.1984126984125,269.78446619174474,46.110057801959094,female
trimmed_common_voice_en_41921769.mp3,-310.98273,77.25536,-55.814262,16.114126,-20.608788,-11.991156,-27.442656,-18.68331,-4.812291,-14.74498,-14.37885,1.438216,-10.061372,1644.7126350156784,1338.4421910949213,3036.7063492063494,243.20176934550153,39.43697110769407,female
trimmed_common_voice_en_41921770.mp3,-407.35806,84.06988,-56.157516,-7.146477,-16.177616,-1.9641494,-14.09411,-16.529774,3.4114327,-9.50483,-14.378946,5.337538,-4.955646,1550.6996300950377,1185.622774529749,2616.815476190476,246.68793178304912,33.160723676696506,female
trimmed_common_voice_en_41921771.mp3,-329.91217,74.24408,-47.478794,-13.820278,-24.709562,-3.469853,-26.129353,-18.86093,1.799424,-11.209566,-19.4342,4.916286,-10.442848,1768.1813403894494,1408.5601644289993,3101.438492063492,268.0155570952633,46.74738406276661,female
trimmed_common_voice_en_41921772.mp3,-351.04257,69.58684,-39.905533,-0.6431177,-13.134448,-14.201546,-21.172415,-11.2750025,1.9166518,-9.612186,-22.293362,6.5694547,-10.895401,1699.6041483120007,1508.452429352134,3218.75,261.63275693916506,42.278625583241684,female
trimmed_common_voice_en_41921773.mp3,-427.05365,38.943348,-22.773954,16.400969,-20.131662,-15.292784,-23.618378,-11.36122,-0.80073464,-4.8078012,-4.316603,4.58073,-8.348821,2064.391513709196,1622.2014947601572,3827.3809523809523,302.01369013640755,125.48100460983338,female
trimmed_common_voice_en_41921774.mp3,-327.04434,56.16005,-50.71415,10.583472,-23.195139,-6.173467,-25.244864,-7.64811,-0.9161807,-12.786717,-14.926741,6.922171,-5.6612015,1748.1429860939543,1394.0184946670186,3209.8214285714284,248.05172583097414,25.78324273926905,female
trimmed_common_voice_en_41921775.mp3,-407.56708,51.465992,-17.65179,22.272673,-22.52784,-11.858382,-27.304615,-20.263536,-8.677391,-6.752435,-9.050842,4.9672456,-3.2501125,2159.3602913309264,1726.0172062584475,4090.029761904762,238.75499137599957,33.83743959321197,female
trimmed_common_voice_en_41921781.mp3,-354.7637,64.43721,-46.897472,15.792904,-22.875944,-5.629805,-39.174545,-16.659777,4.288416,-11.337102,-3.6111572,7.1187186,-11.097574,1755.4416343964574,1363.2263255851078,3208.3333333333335,253.12967326623868,32.02626981372102,female
trimmed_common_voice_en_41921782.mp3,-313.6073,62.353603,-45.96543,9.914937,-22.086922,-11.024443,-35.749596,-14.8374,1.6537,-13.289232,-12.764915,6.285052,-15.72129,1915.2375077220552,1424.3285316903525,3370.2876984126983,240.06513009554024,28.154705803659166,female
trimmed_common_voice_en_41921783.mp3,-309.04947,61.44333,-47.159603,6.839452,-21.200619,-10.553252,-29.595772,-17.97938,4.8576417,-11.013436,-13.341773,8.993643,-18.05363,1906.7380699167534,1491.5061917492656,3415.1785714285716,244.88555128313965,17.366028880258806,female
trimmed_common_voice_en_41921784.mp3,-394.34692,65.39985,-37.548985,6.6656117,-13.587938,-9.16543,-29.143532,-14.216299,-4.636192,-10.729126,-11.556485,5.748262,-10.418114,1732.5647415603376,1463.7230473012494,3343.501984126984,228.57347405146675,28.178360857564815,female
trimmed_common_voice_en_41921785.mp3,-344.14496,57.891945,-30.60313,38.03667,-24.84706,-17.305227,-35.844856,-18.194996,-5.4528666,-14.175083,-4.944628,0.7524367,-7.5305605,1721.2486796519263,1484.0967316531285,3354.6626984126983,239.12011832526085,26.78151648819845,female
trimmed_common_voice_en_41921788.mp3,-374.48312,54.42027,-42.352924,6.332069,-11.357328,-12.362949,-28.831503,-19.624304,0.6853958,-9.175735,-12.826618,5.3707943,-6.7309093,2043.4028025756252,1600.2196332447265,3714.781746031746,323.2290136663278,134.47317942285866,female
trimmed_common_voice_en_41921790.mp3,-273.26755,78.336716,-53.24258,17.38339,-35.319805,-7.165778,-34.676174,-12.34335,2.5413535,-15.880368,-15.735857,2.335795,-8.68389,1666.0547901707753,1338.2004129436132,2973.4623015873017,253.97041959273108,26.008329224413664,female
trimmed_common_voice_en_41921791.mp3,-298.71985,64.623405,-30.05657,14.563069,-14.364389,-21.362473,-34.856163,-8.439755,-7.3795834,-10.783219,-12.953116,10.633694,-12.636156,1995.0220894207469,1643.1041769738395,3712.5496031746034,233.60761872689991,15.650009183563956,female
trimmed_common_voice_en_41921792.mp3,-483.18506,32.081413,-30.41266,0.24478331,-10.503922,2.9485962,-25.084951,-10.092011,3.803526,-5.8941383,-8.739139,5.601499,-5.19084,2428.2353542244564,1746.7769051745731,4373.015873015873,262.7781883528402,16.03472040433015,female
trimmed_common_voice_en_41921793.mp3,-315.2205,88.210335,-41.900463,13.260853,-22.285809,-2.6233163,-35.465332,-25.49428,3.4127984,-12.186458,-13.299432,3.1400023,-3.5887468,1467.1107984587488,1225.2067084092462,2631.9444444444443,271.69612537622396,73.30168989935673,female
trimmed_common_voice_en_41921794.mp3,-282.8008,85.08273,-34.465843,14.823435,-32.819363,1.4755559,-43.4186,-23.419016,1.5028858,-19.862041,-8.370666,4.929706,-10.395095,1586.9905134399655,1405.4557770290307,3125.7440476190477,239.5750228640407,35.70532732628697,female
trimmed_common_voice_en_41921795.mp3,-383.02362,57.5185,-22.39366,10.731961,-13.221736,0.018395197,-34.473404,-15.453012,-1.8418795,-10.9939375,-15.450221,4.897075,-5.9632187,2043.914048780164,1678.9676521512577,3901.2896825396824,241.30790819843997,31.16283468851485,female
trimmed_common_voice_en_41921796.mp3,-363.30432,57.12074,-51.843723,-4.108993,-19.87285,3.2382495,-28.358952,-24.598047,-0.42805436,-6.7269254,-9.165736,8.624461,-11.023344,2013.3078697737149,1514.1850264252041,3605.406746031746,227.11181945052175,24.945472552807814,female
trimmed_common_voice_en_41921797.mp3,-354.92932,56.250404,-49.42949,18.87316,-26.848305,-16.5339,-26.928755,-15.448917,-4.775003,-12.949112,-10.584173,5.5211296,-9.299203,1783.132466332868,1408.8645676296617,3291.9146825396824,269.3972220700867,24.826325616542572,female
trimmed_common_voice_en_41921798.mp3,-410.0536,36.634052,-54.615425,0.22713913,-19.00136,-12.045134,-17.05002,-6.4105935,-5.0744405,-11.883856,-5.1990314,6.751624,-7.828381,2065.180188210936,1510.552644821675,3641.121031746032,251.78409624269062,10.206537991713478,female
trimmed_common_voice_en_41921799.mp3,-336.14047,64.04483,-54.567265,-5.3272524,-26.21088,2.0641136,-26.706795,-17.612564,6.0788393,-10.553116,-8.140351,5.773394,-16.453018,1846.5559509913305,1349.9555025993109,3178.8194444444443,244.99709769027365,38.63401839707377,female
trimmed_common_voice_en_41921800.mp3,-314.3966,70.12615,-44.953644,0.6074951,-20.084305,-5.771275,-30.56789,-14.118659,-5.5412097,-5.094834,-20.459446,4.2390256,-4.672006,1932.2026057752162,1546.4380052318347,3556.5476190476193,241.04519611821604,44.74508522696342,female
trimmed_common_voice_en_41921801.mp3,-334.76703,58.985554,-40.78315,36.198864,-19.342455,-9.230053,-29.30766,-24.912691,-8.35941,-10.978222,-15.089051,4.2383366,-2.981153,1892.235246268068,1417.1582093779139,3366.5674603174602,224.1697820183657,25.134711829797148,female
trimmed_common_voice_en_41921802.mp3,-351.2064,69.143845,-41.29116,-2.6918306,-30.937193,0.8105843,-27.526257,-7.510078,0.6269227,-11.303231,-11.956994,2.1738112,-6.769301,1790.2477008400874,1472.8251509145257,3320.9325396825398,248.3679899584017,24.761072276157158,female
trimmed_common_voice_en_41921803.mp3,-373.82535,44.022644,-45.1797,5.871034,-21.659302,-14.550284,-21.868597,-0.27240607,-1.4474497,-11.135965,-10.971008,4.6842275,-17.3223,2024.4320272598375,1507.6539376930486,3616.3194444444443,251.40785131779626,36.20768802555511,female
trimmed_common_voice_en_41921804.mp3,-469.29614,38.832836,-37.416996,-1.5488775,-20.158964,-0.91858476,-15.621087,1.063673,1.7226951,-9.673391,-10.26694,5.271616,-9.160229,2061.3179383113875,1701.9953774876362,4046.1309523809523,229.79658604570577,7.671044975419416,female
trimmed_common_voice_en_41921805.mp3,-449.19907,32.495003,-38.125225,1.2779287,-15.410662,-6.149026,-20.53147,-2.4551787,1.3939167,-3.7090163,-8.524399,4.84602,-8.409476,2232.6845750478305,1645.190177479487,4064.9801587301586,217.39125230877994,22.024986169545844,female
trimmed_common_voice_en_41922521.mp3,-308.64203,71.17536,26.119837,42.851788,-40.446426,-19.945799,-13.51643,-10.546175,-14.413221,-1.5060773,-22.17168,-0.5491071,-15.581541,1844.2200462313085,1409.2107025360974,3082.34126984127,174.9845791104811,24.268032958183166,female
trimmed_common_voice_en_41922522.mp3,-296.04843,106.591866,8.301346,22.151018,-44.186962,-8.092323,-16.191128,-17.76601,-12.444974,-3.0247889,-18.495113,-3.5688617,-15.661357,1576.996566170228,1266.6934472489863,2620.535714285714,175.0660003544251,15.263788191833765,female
trimmed_common_voice_en_41922523.mp3,-296.82327,104.37888,3.2262778,38.705578,-50.27778,-9.243223,-20.833075,-12.953442,-16.999586,-5.743647,-14.709907,-7.950032,-14.06109,1360.8818010324082,1210.4357025347413,2338.5416666666665,180.34082783416986,17.142190678644013,female
trimmed_common_voice_en_41922524.mp3,-295.6328,109.38998,-12.987346,30.923124,-41.8861,-14.365792,-28.911425,-12.848682,-7.549202,-2.0819216,-18.160683,-1.761789,-13.294309,1560.5166569623543,1143.581971780705,2584.8214285714284,172.2317307983724,9.7048900682675,female
trimmed_common_voice_en_41922525.mp3,-313.3147,126.125336,-5.585041,18.895073,-31.950064,-13.640842,-24.024092,-28.766197,-7.687314,-5.2376084,-15.833777,-3.9858959,-12.404152,1107.4959637381235,1039.3193368533753,1871.5277777777778,172.0264650072527,13.977917663156752,female
trimmed_common_voice_en_41922526.mp3,-320.0011,74.41303,-12.043583,44.007435,-32.14328,-11.778941,-28.179012,-9.645435,-25.320711,-8.611473,-7.6918283,1.3708075,-6.871499,1816.0492937861982,1391.7437936130782,3174.1071428571427,197.70870705987832,25.769204759704074,female
trimmed_common_voice_en_41922527.mp3,-265.24722,114.35386,9.438945,25.47216,-31.693605,-12.795883,-20.681961,-8.369379,-15.05081,-9.982947,-18.520548,-3.1880682,-14.283159,1208.5763208962303,1206.181818094598,2194.940476190476,182.96134690521208,25.500161773215282,female
trimmed_common_voice_en_41922528.mp3,-275.65875,113.93685,1.9723866,27.155806,-33.22129,-20.182827,-25.057688,-9.347738,-18.160065,-0.41808882,-12.625601,-5.4362082,-19.449717,1263.6191943257236,1252.0145610962325,2301.339285714286,179.4560361155728,22.82078132062551,female
trimmed_common_voice_en_41922529.mp3,-272.9794,103.48024,-1.7474704,34.1682,-34.8585,-21.191452,-26.381346,-4.104877,-12.469921,-2.356427,-19.692469,-2.3500416,-16.300323,1490.1899354779857,1300.974897050129,2610.6150793650795,185.08201653478443,15.779848902890143,female
trimmed_common_voice_en_41922530.mp3,-269.3592,109.196724,-2.1361327,17.499931,-27.198385,-13.605735,-20.56019,-6.2637415,-14.477952,0.43109617,-18.086515,-4.548118,-12.736076,1449.8066609839764,1309.4116428843176,2650.7936507936506,185.19656646113106,18.09302375799757,female
trimmed_common_voice_en_41922581.mp3,-258.65945,99.62224,15.126145,25.822344,-26.437164,6.496565,-1.6396918,-3.1685882,-25.61585,-4.594149,-28.698406,2.968827,8.116343,1499.953312187205,1396.0953034272277,2681.5476190476193,270.08882290763114,95.8215050788819,female
trimmed_common_voice_en_41922582.mp3,-282.1519,112.7711,34.390846,26.430508,-19.281439,17.984539,-3.0877173,4.0384197,-25.913849,-0.771896,-31.630257,0.6438652,3.3221428,1445.741565563197,1475.973477045411,2495.0396825396824,195.77778891595585,4.547101598386539,female
trimmed_common_voice_en_41922698.mp3,-344.42386,95.466156,4.545786,19.524147,-27.04207,-13.401113,-26.685383,-16.94137,-23.427656,-11.85633,-12.446597,6.6613264,-7.391779,1647.1508312187905,1149.6384254617446,2631.9444444444443,192.3281831851282,22.597415224481946,female
trimmed_common_voice_en_41922699.mp3,-356.74948,92.20787,15.519654,27.07409,-32.9708,-23.220451,-21.427353,-18.471804,-22.921103,-11.218992,-16.603704,1.3481704,-6.232462,1326.2428181680752,1460.953064256879,2750.0,277.83396782666136,99.0893468706726,female
trimmed_common_voice_en_41922700.mp3,-326.6492,83.65513,-2.7952623,8.674168,-25.3592,-18.853422,-35.44715,-9.556889,-15.751966,-2.2581122,-26.668226,2.9461412,-12.397423,1966.2450346452524,1612.5474663142638,3507.688492063492,195.15303971180987,24.689386826231733,female
trimmed_common_voice_en_41922701.mp3,-360.0444,78.43017,4.7359333,13.075365,-31.082638,-11.016503,-24.989437,-13.834031,-18.764198,-4.906475,-19.15498,-6.4931235,-7.7094164,1700.6034822051524,1443.1369043126629,3012.4007936507937,230.92035833463024,68.49345634542331,female
trimmed_common_voice_en_41922702.mp3,-317.58395,88.03696,9.576373,18.813793,-30.340258,-22.139938,-29.154097,-15.259715,-21.495052,-6.2367673,-20.856962,0.80344546,-12.334955,1616.3431252718751,1482.1366879323807,2984.375,190.073596885534,26.296389380030835,female
trimmed_common_voice_en_41922703.mp3,-305.61795,82.037315,12.6739435,30.324354,-26.00453,-16.904814,-36.940224,-21.804426,-19.611841,-9.885195,-19.715834,2.9724526,-9.992117,1529.5699890714359,1469.470227952928,2896.8253968253966,199.33368604507686,16.74974985201746,female
trimmed_common_voice_en_41922704.mp3,-300.22595,110.99732,1.0468225,23.985537,-34.332092,-11.549329,-32.70665,-25.842083,-24.271877,-5.7186074,-22.921663,5.844086,-9.120757,1229.2057105652411,1270.601859689149,2295.8829365079364,193.5191577278152,17.421825110326587,female
trimmed_common_voice_en_41922705.mp3,-366.62723,55.400135,1.0898038,23.574022,-26.751522,-21.851845,-35.7116,-16.433084,-18.44217,-0.760585,-20.040857,8.48621,-14.471118,2197.484391853075,1567.5394303288379,3809.5238095238096,196.9237223244432,26.322547656992995,female
trimmed_common_voice_en_41922706.mp3,-355.8038,81.58692,5.6739817,16.806292,-25.149887,-12.263634,-41.89427,-23.679762,-23.754078,-6.637654,-22.658785,1.619388,-11.530025,1655.6024974632585,1543.5635630943316,3156.25,226.789147239219,58.23224508363066,female
trimmed_common_voice_en_41922707.mp3,-301.63278,90.54636,20.070265,36.26014,-26.515839,-26.40872,-35.144276,-21.717651,-30.28166,-8.064571,-22.774292,2.1681397,-8.775958,1297.9212870596164,1436.9925088254042,2570.684523809524,259.3139451138344,91.41561323981276,female
trimmed_common_voice_en_41922973.mp3,-268.57288,85.28635,29.571175,15.736005,-25.206593,-4.5836744,-4.8711753,2.104117,-13.213856,-1.6389123,-15.943194,9.7301655,14.047201,2238.2618851257716,1610.6516525606498,3718.998015873016,227.65503670905144,15.346065955303311,female
trimmed_common_voice_en_41922974.mp3,-293.6177,88.35889,12.780362,17.066051,-25.843874,1.9959577,-13.391947,1.6388307,-2.458978,-2.4142523,-14.938201,-3.635534,15.879369,1973.0156782107792,1661.4571445612537,3702.876984126984,234.50972152134608,20.617404915321742,female
trimmed_common_voice_en_42083624.mp3,-359.959,67.111,25.075428,5.4511533,2.8547704,-8.8328,-35.049995,-11.156538,-3.5979326,-1.6352497,-10.482292,-5.4471107,1.4509517,2266.093113236859,1494.4210930725467,3605.902777777778,195.8889512924574,20.737503457429064,female
trimmed_common_voice_en_42083625.mp3,-285.05447,113.38998,7.3588924,15.291035,-7.460064,-27.390265,-14.987112,-19.323643,-3.2084353,-9.402179,-20.98767,3.618713,1.4217279,1649.193892498774,1383.8341869846086,2659.2261904761904,205.55660033633933,18.44571438522877,female
trimmed_common_voice_en_42083627.mp3,-275.8341,108.592476,6.406645,28.5796,-7.5520415,-31.511168,-22.597267,-17.106794,-4.0308475,-11.371791,-14.4873705,-2.4122412,-4.5595284,1427.1585568878183,1338.084970992396,2534.4742063492063,207.242392294575,16.89810550592495,female
trimmed_common_voice_en_42148333.mp3,-270.41745,24.273697,16.690376,5.3771996,-6.9684815,-19.880144,-14.830601,-5.897542,-11.340652,0.36922336,-7.2832327,-3.7018976,-6.268577,3084.29957112358,1772.4912940371573,4742.559523809524,221.53047411817295,25.377819175403108,female
trimmed_common_voice_en_42148334.mp3,-265.3776,65.86771,23.504915,24.178915,-13.490285,-26.936176,-8.686833,-9.685612,-7.028033,-0.97950685,-13.502823,0.33806747,-13.784991,2098.0139519304225,1805.5360521439002,3817.4603174603176,214.38850113590587,25.46640251843664,female
trimmed_common_voice_en_42148337.mp3,-242.85886,68.0989,12.79151,29.457151,-18.855944,-29.425617,0.5858606,-20.525385,-17.882421,-6.079995,-5.3440595,-8.709361,-7.4340544,2158.1528471794136,1698.9490410980388,3672.8670634920636,214.08905743381183,14.797471664040208,female
trimmed_common_voice_en_42148338.mp3,-260.02676,65.37047,5.5616984,21.461271,-5.967767,-29.717234,-13.001105,-13.757345,-5.434004,-5.1722775,-12.07166,-3.6397617,-11.493771,2027.7649222641166,1684.7668090442517,3531.001984126984,216.8096502213823,18.53490633668601,female
trimmed_common_voice_en_42148340.mp3,-219.78831,47.489033,1.5434929,11.409796,-8.586165,-23.22347,-13.104653,-6.8062077,-1.3013806,-3.9904194,-12.0401,-7.1413484,-8.072459,2652.054591229608,1708.812756878597,4272.81746031746,205.51602792744666,30.811468871212696,female
trimmed_common_voice_en_42148343.mp3,-246.30261,89.26667,-1.8651682,28.27633,-15.036641,-40.650124,-8.393659,2.3968563,-6.7436657,-7.2106905,-12.82848,-2.7897055,-7.717255,1919.5552494630485,1463.1430422231017,3272.5694444444443,221.78418023344452,13.97478250970147,female
trimmed_common_voice_en_42148344.mp3,-321.95755,72.45344,16.244846,13.93448,-14.556334,-10.567563,-4.1325016,-9.995785,-2.4149618,-3.6437402,-9.073954,-4.95944,-9.793068,2052.0363723972564,1527.0056013348676,3301.09126984127,209.36449841390268,12.51531996831769,female
trimmed_common_voice_en_42148345.mp3,-325.25974,57.049763,15.042174,30.351402,-10.849128,-25.325722,-6.813179,-9.0484085,-8.603313,-1.8251795,-14.224937,-1.2053962,-2.0097823,1831.6782372754988,1538.7436245134788,3057.2916666666665,222.34035285726358,25.848452627190966,female
trimmed_common_voice_en_42148358.mp3,-365.85843,72.8275,-3.8620386,6.2775207,-11.444818,-27.074604,-1.4522271,-4.542799,-4.7484055,0.44447216,-9.336661,3.6269886,-10.649557,2131.1573229360333,1646.2299694524188,3552.8273809523807,216.11340697974714,7.759616845503721,female
trimmed_common_voice_en_42148359.mp3,-309.89032,9.904851,36.555202,8.03245,-10.977059,-12.95827,-13.971838,-3.292648,-9.832016,-6.329687,-9.471611,1.5080029,-4.9719324,3460.5118340510285,1722.7142777665115,5158.730158730159,206.99151881965952,9.276324932093198,female
trimmed_common_voice_en_42148360.mp3,-254.72897,97.07473,14.425877,11.157797,-3.2946415,-31.548033,-2.0539305,-4.542878,-10.316135,-6.8135004,-8.325549,-3.9680443,-14.248851,1840.4437239362649,1477.0380454726508,2979.910714285714,220.0267370147532,7.884216900493628,female
trimmed_common_voice_en_42148361.mp3,-342.99872,64.369965,10.432814,27.119257,-30.316471,-15.700845,-3.2570844,-1.19829,1.97257,-8.123576,-14.662311,3.8075187,-3.8109274,1740.6994609262922,1547.4863233472834,3159.4742063492063,212.37987339045364,9.656895459298864,female
trimmed_common_voice_en_42148362.mp3,-266.75354,41.339314,14.578455,6.4476123,-25.363808,-8.792653,-12.298639,-7.523255,-0.14403446,-8.281508,-17.75455,0.8711887,-4.002514,2599.087179392849,1753.2976240518246,4292.410714285715,223.0104215160404,24.44543342660517,female
trimmed_common_voice_en_42148368.mp3,-313.8842,63.167755,-7.699416,11.751405,-4.482967,-17.777828,-17.019352,-0.09960193,-0.07820015,-8.016216,-7.5897164,0.92751706,-7.417629,2482.237378556852,1480.382081714678,3827.628968253968,223.83634294799793,15.577264664030297,female
trimmed_common_voice_en_42148369.mp3,-329.70776,74.17947,-2.2880971,39.018654,-33.1126,-19.881157,-8.1311245,-2.9753766,0.20622687,-16.761353,-5.262409,-3.0765812,-5.5035367,2122.0849715467566,1333.170965340161,3468.253968253968,210.24636991040234,11.558532083847519,female
trimmed_common_voice_en_42148370.mp3,-248.93927,65.01894,-15.749459,15.490913,-9.531867,-11.923628,-9.802354,-5.189468,-8.482681,1.103124,-13.705441,-12.790442,-5.062308,2206.4986864467783,1572.257215064007,3610.1190476190477,217.81538950418698,8.924115600888154,female
trimmed_common_voice_en_42148371.mp3,-228.35585,38.963932,7.383983,19.28155,-20.059418,-23.396194,-12.221805,1.0829654,-4.294534,-3.8339756,-13.358608,-2.041882,-6.431093,2900.6778153715504,1729.351426539013,4652.5297619047615,214.1948076474959,19.235248965966065,female
trimmed_common_voice_en_42148374.mp3,-256.30026,75.28814,-9.342346,7.286941,-18.542128,-14.572533,-25.99128,3.0273063,-8.935057,-6.225234,-12.52944,-14.058621,1.1148165,1890.5233491757235,1631.0955557082932,3661.7063492063494,208.77106368143538,16.177006777834617,female
trimmed_common_voice_en_42148375.mp3,-246.87486,48.206684,20.993696,42.08312,-45.352776,-18.949093,-13.275486,-6.1258507,-14.155452,-7.360674,-8.129082,-14.839467,5.521005,2307.020539520971,1708.2466313860723,4095.2380952380954,214.16638800048966,10.85451884776613,female
trimmed_common_voice_en_42148376.mp3,-278.26212,57.94747,-2.8910058,9.971374,-18.22527,-23.506035,-12.7616205,-8.152292,-5.9301586,-2.8889503,-11.944103,-8.720172,-0.15233612,2525.8726971278306,1677.0008603174267,4294.642857142857,224.66970321749352,27.14042113102463,female
trimmed_common_voice_en_42148377.mp3,-323.40616,77.349915,29.170351,27.082138,-16.873907,-16.148397,-23.395596,-14.076942,-17.107674,-2.6503606,-12.156032,-14.725802,3.4227598,1852.9682762403315,1401.583079975316,3039.186507936508,213.170095904812,20.98559305969359,female
trimmed_common_voice_en_42148388.mp3,-287.42032,75.1108,-8.852778,8.888716,-9.8039465,-31.007746,-18.570349,-3.5070245,-4.243024,-7.8817334,-13.658175,-7.6148047,-1.8279027,2147.0065455630906,1545.8121935353136,3489.5833333333335,228.20457056351157,31.57188911807243,female
trimmed_common_voice_en_42148389.mp3,-343.8689,55.11388,5.802006,20.87209,-18.204224,-21.69377,-16.97308,-4.3728313,-8.85115,-12.231419,-6.323732,-8.562759,2.161228,2085.390072640412,1560.805890712284,3495.0396825396824,231.78939594518144,32.12156567104742,female
trimmed_common_voice_en_42148390.mp3,-268.2803,43.720524,-18.904146,4.4742446,-5.855783,-28.06612,-9.344377,-3.1612387,-0.85733634,-7.1450224,-16.332384,2.3199,-9.371527,2593.951970161182,1625.9308849708607,4149.8015873015875,240.1783048070339,32.582685800540574,female
trimmed_common_voice_en_42148391.mp3,-330.83026,60.856003,14.505668,15.830677,-19.50015,-18.099146,-11.823356,-6.7656116,-12.216423,-9.608836,-10.839395,-9.54894,-0.07937204,1905.725921601476,1626.1914028608617,3432.7876984126983,228.84659989849618,32.53684924682697,female
trimmed_common_voice_en_42148392.mp3,-272.25323,90.18553,-12.259816,10.467899,-25.321507,-7.124911,-21.139399,-3.66524,-0.22634305,-6.1249404,-8.52021,-8.695987,-3.7528346,1627.7167957467486,1526.3104610195537,3234.126984126984,207.16055960442694,16.22940604855444,female
trimmed_common_voice_en_42148393.mp3,-270.11823,55.942223,6.981534,25.928057,-24.82479,-23.661964,-23.0607,-8.294032,-13.639155,-7.790353,-8.991692,-9.148408,0.7088716,2430.1354172891815,1541.5080601447564,3945.188492063492,240.00083439551625,49.675822919137566,female
trimmed_common_voice_en_42148394.mp3,-313.4139,38.686413,17.35379,28.984034,-32.583782,-14.595811,-16.695974,-4.279803,-14.898939,-7.517284,-10.720479,-8.195381,6.2395515,2494.114806632434,1522.714828127516,3928.0753968253966,223.8620014789459,33.523390804761625,female
trimmed_common_voice_en_42148395.mp3,-325.95743,76.774864,5.303049,21.783072,-24.390585,-5.547678,-26.409636,1.8861579,-8.772599,0.90333754,-5.5603614,-9.854361,0.8291325,1741.4394404626619,1551.794049885142,3194.4444444444443,218.02540046460393,24.349813890731987,female
trimmed_common_voice_en_42148396.mp3,-283.7258,59.420673,-12.027249,20.748144,-20.883823,-23.464342,-19.78033,2.788478,-12.450118,-3.0741725,-20.683187,-0.8412705,-6.1140256,2290.077443056823,1628.9356216931458,4071.9246031746034,354.5194665981113,258.1279264502434,female
trimmed_common_voice_en_42148418.mp3,-247.22197,74.34692,-4.8568134,20.358442,-27.568628,-34.35149,-13.610796,-10.620661,-0.7291045,-6.616751,-8.735682,-4.107755,-8.182035,1963.3569143032755,1517.211773772519,3465.029761904762,214.94040758490098,12.297277089005666,female
trimmed_common_voice_en_42148419.mp3,-271.8393,15.928593,34.898376,24.54133,-27.043308,-24.623947,-16.647327,-7.842208,-11.405885,-9.987665,-13.18081,-0.8862943,-7.6322813,3089.4616310065603,1770.0875942185307,4912.450396825397,207.4660330194404,8.780020029130917,female
trimmed_common_voice_en_42148420.mp3,-313.41135,61.178627,3.9296682,11.985468,-17.092865,-26.92841,-15.411801,-6.9299226,-4.6691637,-8.674948,-6.476383,-8.210044,3.815244,2363.3493950002617,1608.1000995717964,3756.9444444444443,219.10675897056163,21.068808182734855,female
trimmed_common_voice_en_42148421.mp3,-280.31372,38.55962,17.682943,23.190468,-20.074005,-38.717754,-11.366475,-0.05492021,-5.3932896,-9.111123,-9.037315,-0.26326224,-11.130945,2573.209532107029,1731.1515677013736,4197.916666666667,206.5929372750246,6.624730309962273,female
trimmed_common_voice_en_42148422.mp3,-281.68692,13.1558695,-1.1249409,19.785645,-18.079548,-26.918066,-16.836828,3.3464375,-12.449425,-3.1706638,-9.632988,-4.487582,-4.632507,3084.6930705841223,1741.9860693460419,4941.2202380952385,217.93001866197775,11.447772895235328,female
trimmed_common_voice_en_42148433.mp3,-314.62137,64.00126,-2.5054219,25.59914,-23.944433,-27.487543,-14.716933,-11.544908,0.57084817,-8.038251,-10.596164,-2.3902135,-3.9115057,2424.1322013227114,1518.395496920182,3945.9325396825398,228.38346346012054,28.950067914280364,female
trimmed_common_voice_en_42148435.mp3,-292.63126,63.910343,14.404108,10.349889,-25.180367,-19.82246,-7.8528543,-5.505609,-5.690661,-7.9646873,-13.180857,-5.700673,-4.3366914,2067.732232875854,1620.4806412916048,3503.720238095238,200.03174665834035,24.837298872039874,female
trimmed_common_voice_en_42148436.mp3,-322.39197,73.4269,2.3435502,15.497588,-13.521703,-26.340046,-8.924247,-8.950632,2.3126163,-11.370282,-10.37564,-8.521417,-4.390219,1949.0324958425647,1547.8586054637865,3430.5555555555557,225.27299703018764,30.847972019643926,female
trimmed_common_voice_en_42148437.mp3,-415.61304,29.393784,1.7924526,5.8508353,-24.632559,-4.4673676,-9.446749,7.5056543,-3.4720473,-4.3927307,-11.219715,0.77833325,2.4170654,2659.901478642932,1603.37859226173,4128.9682539682535,173.9310223842911,47.12106567991804,female
trimmed_common_voice_en_42148453.mp3,-230.72517,95.176704,-14.795135,7.269005,-21.09798,-21.511024,-13.913275,-4.0434675,-19.664257,-2.479986,-11.003829,-16.463472,-1.989625,1747.531475779623,1595.9509283305817,3199.156746031746,215.17193317558758,17.261693726351737,female
trimmed_common_voice_en_42148454.mp3,-272.45212,16.324873,-0.41599056,25.290638,-30.072632,-21.300478,-9.644173,5.1944256,-9.802006,-9.532484,-13.364143,-0.25809973,-7.5942416,2888.2584178588986,1699.556060050225,4661.210317460317,225.25271500051983,21.057458944111957,female
trimmed_common_voice_en_42148455.mp3,-232.8432,80.59053,-29.331182,10.638709,-34.272537,-16.792612,-14.852079,-6.54691,-5.5454807,-8.121052,-11.957007,-11.793752,-3.1795914,1801.7152390426413,1502.6261665464708,3251.7361111111113,221.56454499434304,36.76942705397398,female
trimmed_common_voice_en_42148456.mp3,-276.90594,34.579655,4.6521077,12.663767,-23.490503,-24.057253,-13.511404,3.6119943,-9.578104,-9.663582,-6.929798,-7.436717,-1.8347077,2794.589450920597,1722.230479710079,4580.357142857143,210.89530479631708,11.045654318840185,female
trimmed_common_voice_en_42148458.mp3,-284.99973,74.95311,-0.22076307,19.719625,-17.926828,-21.97897,-19.254816,-14.012202,-12.732843,-11.2479515,-10.752934,-7.8503103,6.8764334,1568.1750977408608,1535.3136758333294,3047.123015873016,221.4928327287989,22.309452383921304,female
trimmed_common_voice_en_42411706.mp3,-327.76746,82.404816,-2.975929,1.5533687,-12.247811,-16.414707,-19.894266,-13.812001,-4.0399675,-2.9975572,-6.6435356,-9.775129,-1.2914631,2081.557562285987,1367.2027852114022,3411.4583333333335,175.5153907459864,32.27305370966612,female
trimmed_common_voice_en_42411707.mp3,-301.12894,99.47525,0.062165093,7.6088624,-13.342144,-12.067187,-19.817875,-20.54143,-7.4676533,-1.433058,-10.372795,-5.205129,-3.8614352,1397.6002030794623,1320.0586235313742,2570.9325396825398,186.6160400661301,23.853908943225534,female
trimmed_common_voice_en_42411708.mp3,-277.95148,78.92873,15.200286,15.358651,-18.551107,-26.553509,-21.630613,-22.179802,-18.16245,-4.041798,-9.7044935,-0.26891294,-9.490664,2001.3191500281298,1430.725930583587,3256.6964285714284,190.09122135670364,29.103580242170906,female
trimmed_common_voice_en_42411709.mp3,-344.04614,72.24009,18.061983,3.7853544,-32.060844,-11.710536,-19.587376,-21.433937,-9.914384,-0.7607997,-13.52772,-3.2971497,-9.626,2106.9761656706155,1457.389623921154,3383.6805555555557,186.8529158579716,28.0632633246106,female
trimmed_common_voice_en_42411710.mp3,-363.12836,67.54257,24.970194,18.941614,-17.01562,-19.725203,-24.347033,-19.33206,-17.874512,3.9224675,-15.1606455,-3.9219902,-6.1987357,2211.8219697451136,1521.216916324845,3536.2103174603176,184.62502682022807,30.786847687738856,female
trimmed_common_voice_en_42411716.mp3,-352.42322,39.360924,22.533823,18.457167,-8.413243,-13.874274,-25.182175,-16.355242,-16.660875,-1.1853895,-13.277742,-4.188731,-7.2682347,2618.975484314448,1739.4494557513049,4270.833333333333,231.8085372128731,32.95067270459327,female
trimmed_common_voice_en_42504066.mp3,-414.08762,90.92108,0.39282912,14.362425,-5.176804,-23.804352,-22.662172,-8.891123,-17.271,-12.026856,-11.166227,-11.501299,-2.7254074,1768.1219340360633,1304.2149895069165,3113.59126984127,300.0550005332618,261.6673511680234,female
trimmed_common_voice_en_42504067.mp3,-372.79968,126.76341,1.2058687,32.8494,8.9565325,-40.719376,-44.077114,-11.134106,-13.889899,-16.91249,-11.452377,-7.705667,-9.455885,865.3366018387325,845.2047859288193,1496.7757936507937,199.54431209058149,10.481740519592915,female
trimmed_common_voice_en_42504068.mp3,-386.19315,98.3309,-23.072721,13.748524,2.5850003,-12.789072,-23.540201,-4.8834243,-13.024959,-11.992799,-11.014254,-11.221972,-1.0011076,1520.6654269336495,1062.0908314386375,2522.3214285714284,204.10200851958254,17.904456497180743,female
trimmed_common_voice_en_42504070.mp3,-312.36032,130.50917,-6.2680025,8.1402445,-2.1194882,-9.771885,-45.999477,-1.3507259,-20.145004,-15.879585,-15.008169,-17.064741,3.509666,1083.5019527426714,1127.2224671785825,1985.3670634920634,201.47697189586594,19.020089750820922,female
trimmed_common_voice_en_42504376.mp3,-350.4972,96.071144,44.24196,44.995144,-19.435629,-1.564439,-18.05898,-25.9457,-14.042121,-17.987593,-11.137759,4.8886642,-15.479555,1318.1635061383085,1334.6775800482412,2500.248015873016,222.2296451871439,10.475825697436955,female
trimmed_common_voice_en_42504377.mp3,-368.1454,82.89959,67.33366,43.673107,-14.860973,-8.382993,-21.667936,-29.573856,-11.4732065,-22.31472,-5.1886315,5.6104803,-17.322577,1819.9827200857478,1244.1677675812998,2763.6408730158732,225.90225818844075,9.550839116715284,female
trimmed_common_voice_en_42504378.mp3,-373.2145,88.99918,34.873837,35.29824,-1.3704343,-11.89558,-22.33016,-25.081173,-11.079562,-21.869343,-13.067019,-2.2406,-10.3334,1307.0154484050493,1284.3023231600625,2304.811507936508,236.7278573681972,15.901125320849417,female
trimmed_common_voice_en_42504379.mp3,-291.7475,112.82268,27.540194,19.341373,-3.3787882,-7.88212,-24.022163,-25.01481,-8.414325,-20.577625,-13.374294,-2.8026419,-22.644424,1181.7215087001587,1302.1500068100174,1981.3988095238096,241.29466785290117,23.984508913729403,female
trimmed_common_voice_en_42504380.mp3,-283.77765,62.87756,41.036667,62.82784,-12.196891,-4.457424,-11.604489,-16.617302,-20.02579,-15.402516,-21.436085,-8.238001,-4.873808,1983.661609461565,1566.0712023474255,3614.0873015873017,224.67588974879553,28.29085941330607,female
trimmed_common_voice_en_42504381.mp3,-357.87057,93.88028,2.8604264,26.633905,5.263337,-5.607867,-13.739835,-16.617275,-1.1880915,-20.509853,-14.695435,0.96497977,-13.305037,1263.302984356548,1212.4291221924593,2241.815476190476,247.25396420970523,27.732129807135713,female
trimmed_common_voice_en_42504382.mp3,-298.81198,124.53743,22.568531,38.839134,-15.307072,8.335529,-14.186909,-21.389935,-16.089037,-13.172908,-12.958364,-19.99178,-1.6364452,1064.1346579692156,1239.9473845952703,2049.1071428571427,185.02752353486176,25.443694700044265,female
trimmed_common_voice_en_41917530.mp3,-379.9036,138.16426,28.637701,34.45981,30.961346,-11.8456335,-13.717837,7.007514,-1.3189723,-10.344916,-17.456799,-9.986972,-7.088199,1216.9943074498653,993.3108035925603,1955.357142857143,117.8741137012826,10.043801907853807,male
trimmed_common_voice_en_41917760.mp3,-214.28598,103.66271,-3.8770144,10.859197,-8.480401,2.709789,-14.687691,-13.426975,-2.1439104,7.189856,-13.054436,-3.2820892,-4.9518657,1665.006480908701,1493.606898860008,2928.5714285714284,119.77442905066711,11.31168143778444,male
trimmed_common_voice_en_41917761.mp3,-305.13257,101.16269,3.4480221,17.920969,-4.869798,16.145603,-10.656906,-11.811471,9.519179,8.120225,-23.028824,-7.0101314,-8.805318,1712.095576609819,1491.7267569598337,3074.652777777778,135.96315525174293,14.64504738118664,male
trimmed_common_voice_en_41917762.mp3,-268.35736,147.04265,-3.9123569,16.565027,-1.429239,15.971301,-6.556969,-9.42722,-0.12801953,20.983213,-20.494493,-13.979197,-0.32100856,1119.0061258998526,1122.0022920164024,1935.0198412698412,124.81767618853883,14.394519515418395,male
trimmed_common_voice_en_41917763.mp3,-170.48029,91.32188,-9.351662,14.199441,-10.326986,12.364676,-8.82321,-7.3776655,-3.00307,10.3858385,-21.998316,-6.2127895,-7.4368806,1716.3656638553696,1640.7428384857096,3324.652777777778,133.14027809502122,17.52331017388124,male
trimmed_common_voice_en_41917764.mp3,-209.55344,79.16441,-5.26328,17.806644,-11.8582325,11.485789,-10.704282,-0.3843167,-7.727725,2.1751857,-17.29048,-7.865556,-7.2589564,1925.4997376442507,1724.6128853317275,3744.2956349206347,139.33824500957,16.45874515585657,male
trimmed_common_voice_en_41918152.mp3,-511.36154,81.45993,-0.7593319,6.357728,-3.9368775,-12.849,-9.401356,-4.297335,-6.452008,-4.2602,-5.764021,-4.863228,-0.6124784,1123.5461375460868,1104.9665250901026,2191.468253968254,115.87389186977826,12.244446059676967,male
trimmed_common_voice_en_41918266.mp3,-363.87878,138.85754,3.6561408,8.92257,3.8570077,-3.4798303,-30.855074,-18.765911,1.5146917,-2.0110514,-9.130531,-0.30234563,2.0076435,888.1618759836989,1040.9446045745256,1609.623015873016,139.8022158866748,22.455440095378396,male
trimmed_common_voice_en_41918267.mp3,-325.48978,148.25931,14.408301,10.142978,-11.358397,-17.071718,-29.156427,-4.0348544,-7.436488,-0.91899276,8.889587,6.3194265,5.449343,911.099988900233,1074.6597812186262,1632.936507936508,134.30944859967224,10.963330600570826,male
trimmed_common_voice_en_41918268.mp3,-367.59058,110.61067,12.997643,7.237202,2.2653747,-8.70717,-26.50632,-7.660618,-6.166366,-4.5366526,2.1712363,-0.46009696,1.8827641,1264.674408499769,1402.9212869389276,2555.5555555555557,217.57742402190016,159.20531101522585,male
trimmed_common_voice_en_41918269.mp3,-277.1476,139.78094,7.875646,18.781597,0.5051097,-9.728445,-33.74529,-9.970418,-7.0961905,-2.2642,-1.8473749,-0.08525607,3.2703109,1096.5647531648592,1161.8893040011765,1995.5357142857142,129.3830433585558,11.14538304916216,male
trimmed_common_voice_en_41918270.mp3,-326.48486,148.33607,8.797109,-7.7309937,-7.5157266,-4.164484,-31.74625,-12.769356,-6.787728,-1.336321,7.3566465,0.2685645,5.980882,1089.6951257126127,1059.7568818233367,1906.498015873016,141.8379493562192,18.148046645475127,male
trimmed_common_voice_en_41918280.mp3,-344.60928,121.890564,17.285776,-1.3997881,-5.6335816,-7.9019794,-23.487051,3.0335271,-8.363141,-3.8799915,11.713873,3.9587657,3.0225623,1602.554031099509,1383.7731952371744,2859.623015873016,142.23755799925627,13.723366101004736,male
trimmed_common_voice_en_41918281.mp3,-313.4095,122.71119,11.331046,-1.1854267,-4.7341413,-6.123944,-23.195326,-2.8281155,-4.883859,-1.166049,7.984692,0.4680352,1.8524792,1576.667158942277,1439.0878352956336,2908.9781746031745,138.1859122507902,6.095784975395416,male
trimmed_common_voice_en_41918282.mp3,-315.18338,108.9892,17.428001,17.295519,1.4634414,-8.985437,-32.868717,0.15191896,-9.692598,-6.1572638,-1.7382771,0.6804809,3.8208039,1486.0886428486103,1492.6907939378257,2811.2599206349205,135.24490987215538,14.535628538909753,male
trimmed_common_voice_en_41918283.mp3,-283.02847,110.82671,17.1904,26.095594,-3.2008555,-7.8488455,-28.379356,-3.114177,-7.3222127,-3.8279245,0.07119646,3.3428996,6.013653,1489.1150677941819,1436.093477594151,2815.4761904761904,139.78779117691045,6.756773898002187,male
trimmed_common_voice_en_41918284.mp3,-317.13046,106.51554,18.691063,19.312477,-1.2919722,-14.488619,-23.17907,-2.7997267,-4.7369723,-0.013283517,-1.5239037,4.2826247,8.305645,1651.4161760982183,1562.9769189161475,3239.5833333333335,141.1517214196941,16.488921032268966,male
trimmed_common_voice_en_41918311.mp3,-339.46976,128.10329,22.803623,9.838629,-3.2158592,-16.712284,-32.730812,-9.261415,-10.239362,-4.661334,-1.8366874,4.066802,2.8660996,1109.9134679185543,1213.392346181884,2038.1944444444443,137.4568809769516,13.148703379736672,male
trimmed_common_voice_en_41918312.mp3,-345.78928,134.10439,-4.4086294,13.932344,3.8924015,-6.5381937,-23.313166,-6.901601,-5.7092576,3.5713487,1.4344751,-2.5020244,2.9469843,1069.0098263264458,1175.9244421541807,2020.3373015873017,138.8929728867367,18.254980839617094,male
trimmed_common_voice_en_41918313.mp3,-306.50333,149.36224,3.9989,14.201518,5.0093307,-11.678149,-19.294538,-2.078998,-14.171228,-4.5154943,-1.8017383,-0.0839908,4.0788503,951.4754630813355,1085.348079718102,1782.2420634920634,131.2772994361918,24.678090333932918,male
trimmed_common_voice_en_41918314.mp3,-338.08478,114.14563,0.6897454,36.17605,-1.7232171,-17.07999,-12.855311,-9.274143,-9.792073,2.0396438,-0.82104534,4.284277,-2.9024413,1291.0100995845908,1298.4662962846323,2455.8531746031745,140.67244565729192,9.400397610794386,male
trimmed_common_voice_en_41918315.mp3,-312.41992,143.5151,-5.0208917,-1.9266192,-16.506033,-16.058086,-11.5412655,-12.83904,-6.7681856,6.9471955,-0.15487662,1.5476931,1.293846,1329.6482073856198,1152.540602718677,2304.563492063492,132.90288068126583,10.301797245184282,male
trimmed_common_voice_en_41918321.mp3,-291.5165,135.90964,7.9773626,22.671158,-4.5959196,-15.623848,-5.7101383,-16.253149,-3.099492,11.576803,-0.934098,2.6719916,-8.453561,1118.5990486881599,1235.7934355473938,2130.7043650793653,120.00761275304718,4.593709983998956,male
trimmed_common_voice_en_41918322.mp3,-275.46936,131.63803,4.1327105,26.231123,-0.62889636,-20.575874,-6.3254433,-9.416545,-3.7191765,4.766301,7.74178,8.460021,-8.970027,1338.1651590353388,1325.9150030329915,2455.3571428571427,122.07792860706328,9.938072521462045,male
trimmed_common_voice_en_41918323.mp3,-289.3826,131.18301,-1.3340311,27.580772,1.1410482,-17.457008,-1.6236987,-8.485214,-10.071462,1.2303166,2.9267373,7.1212044,-17.672304,1178.0177774657766,1346.1243221822217,2283.4821428571427,125.31777226976484,5.0390550064243715,male
trimmed_common_voice_en_41918324.mp3,-329.6096,107.78789,2.083877,17.387825,-5.663911,0.42355606,-7.0775075,-4.9340386,2.411109,-1.2763166,3.4657955,-0.32817185,-1.9052781,1615.830429673603,1486.180697857674,3003.720238095238,109.52326653010424,23.96354094322529,male
trimmed_common_voice_en_41918325.mp3,-307.54852,121.131134,-8.91419,44.94862,18.178007,-25.527758,-4.3454323,-1.6602467,-6.9595757,-0.91228175,-2.9835835,0.6274687,-10.455373,1298.6897198307413,1435.086637131583,2815.2281746031745,143.59993545527539,11.54793099605658,male
trimmed_common_voice_en_41918336.mp3,-291.8612,124.19906,-0.0037556603,30.980503,7.886133,-30.2455,-15.857667,-7.347723,-0.25231948,3.1487153,-5.79007,5.2472167,-9.538898,1412.0861644453569,1404.6815287344155,2668.154761904762,140.14410911229805,14.416012032713915,male
trimmed_common_voice_en_41918337.mp3,-302.70395,112.35155,24.639421,5.31584,-2.2763236,-2.8908505,-4.052806,-1.7263852,-9.508557,0.028247,-2.085999,2.1051955,-9.734485,1739.9236191315008,1496.5625519851894,3069.940476190476,124.93570846583373,5.357314468471667,male
trimmed_common_voice_en_41918338.mp3,-331.09158,115.650734,0.0024675187,16.318953,12.606544,-15.32932,-16.297815,-10.050908,-7.28227,-1.0201341,-5.584191,5.941638,-3.1453092,1366.4742224193365,1455.1892057824966,2687.251984126984,124.27819093904037,12.012962336667895,male
trimmed_common_voice_en_41918339.mp3,-288.35587,114.84372,-3.1827738,13.4592,-12.131854,-19.297216,-3.9810305,-9.211531,-5.4379044,0.041243356,-3.8795385,12.045344,-8.883825,1568.2947818081866,1443.4596010986593,2868.3035714285716,129.87698036305088,7.449658045357478,male
trimmed_common_voice_en_41918340.mp3,-296.341,143.49648,12.706397,11.859157,-1.1629977,-8.799999,-5.233772,-5.459921,-3.7959728,11.009387,7.918113,10.4065895,-5.095938,1165.2002389157783,1288.4708438748405,2241.3194444444443,115.11986641997645,5.4189356456261555,male
trimmed_common_voice_en_41918356.mp3,-279.56717,106.248314,10.980342,8.353793,12.978626,-13.839958,-14.084563,0.5959419,-6.0672317,17.725344,-0.5630383,5.506788,1.1217898,1883.0914990144834,1648.4794672629253,3500.7440476190477,117.50045107556996,3.7400550432165205,male
trimmed_common_voice_en_41918357.mp3,-293.68863,103.227615,5.6691904,-2.0045295,-6.273431,-1.3618094,-3.2925649,-0.07281814,-5.3006167,8.288787,4.833433,4.0846477,-9.181734,1815.7845226393822,1546.4812773658364,3201.8849206349205,131.367102187067,13.687907484714563,male
trimmed_common_voice_en_41918358.mp3,-277.56686,139.81216,-11.722241,28.919249,10.089148,-40.223206,-11.042654,-4.3855357,7.1914186,17.006424,-5.644128,6.809328,0.12604891,1284.1629085075513,1326.1092370231636,2519.84126984127,119.08284074754411,15.124724676285588,male
trimmed_common_voice_en_41918360.mp3,-289.28833,138.6005,-14.495006,49.041042,-8.420178,-26.264986,4.276973,-6.208352,6.763782,11.100669,-7.41282,11.287844,-9.920076,1121.0134568393128,1155.0987388797942,2144.84126984127,119.95157560632946,5.533313120667087,male
trimmed_common_voice_en_41918361.mp3,-314.94183,125.415596,-1.1490963,12.587454,-7.1596613,-17.73663,-13.52276,-9.579396,-4.2185006,3.6899052,-7.5841603,3.1882339,-14.233014,1476.6996891049525,1261.4443173379036,2490.5753968253966,133.6867684199883,16.950953079379808,male
trimmed_common_voice_en_41918414.mp3,-300.5004,145.3163,4.2206845,8.664645,-1.5613194,-9.531547,-9.780668,-2.5690188,0.30771863,10.794692,3.3443186,7.352484,-11.251905,1058.1271073691032,1236.6850862027832,1956.3492063492063,120.76655357503354,10.23594268329842,male
trimmed_common_voice_en_41918415.mp3,-283.27585,108.88926,6.7150545,23.92417,2.7708216,-11.406448,-20.718832,-6.453976,-3.2660377,6.5613966,4.146016,8.029693,-6.723733,1699.2034529902164,1471.1338032298056,3014.3849206349205,121.13687050259543,10.337849891155185,male
trimmed_common_voice_en_41918416.mp3,-283.35208,108.455315,12.490392,39.08817,2.897914,-5.4973974,-8.517717,-2.861645,-3.982164,3.0819578,1.5915656,7.659936,-7.5542626,1399.8213970731765,1475.0916682719578,2740.8234126984125,122.61258526245564,6.320459229449281,male
trimmed_common_voice_en_41918417.mp3,-274.45282,132.50706,-12.512855,35.998627,2.8765795,-26.261126,-18.200499,-5.0304728,-0.5411916,5.554644,0.28238264,8.280329,-7.1949086,1289.8714938298053,1250.8022435595706,2422.123015873016,120.31702432359712,5.23155213734588,male
trimmed_common_voice_en_41918418.mp3,-305.64978,122.02608,-10.959705,20.268326,1.4382045,10.973555,-8.576982,-17.590849,-1.2818605,6.532637,-1.7995682,-4.2610765,-2.2232444,1386.8857301396895,1390.3258585531091,2807.0436507936506,124.59077345058093,10.086529542000994,male
trimmed_common_voice_en_41919037.mp3,-309.56564,80.44426,-42.393845,22.62184,-18.0259,-11.532699,-6.842941,-27.11633,12.71768,-26.41952,-0.1331372,0.60134095,-14.61167,1998.1977734024013,1442.1469803346333,3439.2361111111113,142.06828756603502,21.559453467572165,male
trimmed_common_voice_en_41919039.mp3,-345.67224,90.00749,-16.177443,17.148434,-6.632894,-23.422607,-5.2837224,-15.912388,-2.5762494,-22.934717,-2.8647034,-2.7810032,-15.434214,1888.3259401667317,1349.2899950817948,3056.2996031746034,159.9194233865555,26.508605163875373,male
trimmed_common_voice_en_41919042.mp3,-300.372,125.456184,-17.943733,17.646791,-2.283052,-37.461308,4.3571863,-19.811264,-3.1743026,-24.174898,-11.463535,-0.5650008,-25.49912,1554.4380823383217,1520.4070892485117,3000.0,116.8900382202767,9.535824721440722,male
trimmed_common_voice_en_41919045.mp3,-281.15466,106.02562,-23.614838,40.730827,-2.3866737,-20.294283,-3.9312155,-19.719936,-5.5542083,-25.061705,-3.888857,-5.831768,-26.633259,1549.0349736785597,1423.5753176901076,3013.8888888888887,118.70789531804675,12.75098359477668,male
trimmed_common_voice_en_41919046.mp3,-360.65338,73.56793,3.9644306,38.474415,-12.437135,-9.914335,5.6699886,-19.651295,-1.6558093,-13.5687065,-2.1645298,-13.252178,-11.785604,2019.3513247098902,1485.203610547861,3487.847222222222,121.3103524267317,5.2065948585546105,male
trimmed_common_voice_en_41919057.mp3,-299.3264,58.638393,-7.7346697,41.388412,-6.9730115,-22.826899,-4.5983853,-11.294028,-3.8032162,-28.986818,-9.73862,11.042028,-17.308502,2256.5550302315146,1586.2266030979524,3856.8948412698414,119.40012575624053,6.366937527014578,male
trimmed_common_voice_en_41919058.mp3,-265.75092,109.21045,-11.228209,16.167765,-26.780542,-13.469976,-2.0592837,-12.520852,-8.17675,-29.040247,-4.9039607,2.7750278,-23.187895,1716.2024813596745,1378.2277525429854,2964.285714285714,130.02588494245865,8.603835004233165,male
trimmed_common_voice_en_41919059.mp3,-445.21277,44.387806,3.235412,27.82675,-11.416946,-4.3398824,-3.9625065,-0.83393764,-4.5784736,-18.356892,-7.6340747,-5.766124,-9.914439,1808.551758373646,1239.6457523525964,3037.3411016949153,120.42274596061823,14.268846867388445,male
trimmed_common_voice_en_41919060.mp3,-269.03915,103.79796,-17.933348,16.425308,-24.812592,2.1903224,-14.340945,-18.590042,-4.1838007,-26.156137,4.171611,-12.222226,-21.231913,1993.3685423606123,1414.486019782512,3414.186507936508,113.97611842401182,9.79409835108202,male
trimmed_common_voice_en_41919061.mp3,-214.3512,89.233315,-17.902235,50.27975,-13.05716,-27.329535,-6.2324862,-14.5916395,0.9718834,-36.176422,5.1355944,-7.928601,-27.04977,2106.550488726077,1569.356337179447,3855.654761904762,112.76827568032608,5.645969082399782,male
trimmed_common_voice_en_41919612.mp3,-343.5679,114.582054,19.326319,20.18942,-3.000357,-6.8286695,-14.899559,-8.419002,-9.90892,-14.193656,-4.600543,-13.395217,-2.1830187,1424.8938920219368,1307.1689912923318,2385.6646825396824,100.02768688923405,3.942735208786035,male
trimmed_common_voice_en_41919613.mp3,-332.2175,108.23499,35.229565,6.978664,-3.370927,-3.0378606,-26.325926,-1.2627549,-17.41027,-13.596306,-7.9500775,-4.1506553,-7.0128202,1658.8239838789382,1320.8460595631136,2526.2896825396824,110.39045310589609,12.338492647553625,male
trimmed_common_voice_en_41919614.mp3,-322.49945,119.91792,25.699966,16.433563,-2.365931,-1.3685142,-31.86931,-5.47896,-14.987833,-8.276097,-5.054463,-3.6529756,-8.685574,1193.2575517542093,1160.8073521537658,1923.1150793650793,100.23897108816068,7.838385676694448,male
trimmed_common_voice_en_41919615.mp3,-313.2641,93.047195,13.927758,8.152344,-2.185883,2.0249128,-24.95005,-16.88412,-18.045557,-10.49708,-10.799682,-4.4321194,-7.912628,1869.3043938376316,1529.9414105050787,3216.2698412698414,101.16543356933057,7.738325210053246,male
trimmed_common_voice_en_41919616.mp3,-295.77554,98.068886,36.10689,10.341124,-5.913668,-1.6799935,-15.582899,0.09416655,-15.19469,-15.954107,-17.39615,-1.6695796,-13.599354,1756.416223885581,1537.5555558172716,3127.9761904761904,102.78904012210302,9.768942589949512,male
trimmed_common_voice_en_41920615.mp3,-321.86478,118.5835,18.763826,10.315256,-18.504255,19.989182,-29.099308,-2.035496,0.26211244,-14.87318,3.5758994,-1.7163442,-5.2511115,1642.9859486019452,1352.4874987008789,2804.563492063492,81.09607335116279,5.921547565833338,male
trimmed_common_voice_en_41920616.mp3,-404.5845,94.19917,46.10308,31.09715,-13.5264845,13.9551735,-15.048448,0.8253403,2.6609375,-10.416877,-1.4274868,2.0349712,-8.503931,1465.45091473845,1215.6078132352243,2250.9920634920636,80.68462195135233,4.458537405877109,male
trimmed_common_voice_en_41920617.mp3,-280.60086,94.93918,22.755339,19.389475,-13.241633,22.63517,-40.62864,1.9093536,-2.6661317,-18.895542,1.1890545,-1.5387381,-5.820221,2169.913934779911,1394.7808832539156,3496.279761904762,87.6239366274652,6.762278958747048,male
trimmed_common_voice_en_41920618.mp3,-330.9943,139.95833,2.574504,21.927685,-14.332043,13.080972,-35.257942,-9.076159,-1.4043467,-18.64294,7.5157943,2.8215003,-5.4122577,1305.2010371740653,1162.5309701227386,2218.253968253968,82.10431086463021,4.570172965329811,male
trimmed_common_voice_en_41920619.mp3,-282.15945,154.02339,21.12573,22.588303,-15.620451,15.426419,-24.882458,-8.754591,-6.4144363,-18.101141,3.5475383,-0.79918015,-3.3025465,1220.2153175352767,1137.834359799563,2055.8035714285716,85.04466366059971,6.784478625165773,male
trimmed_common_voice_en_41920620.mp3,-312.4091,180.56908,-8.129375,21.762863,-8.995258,7.4749727,-40.06291,0.6278818,4.7627854,-20.244583,7.12105,-15.305046,2.4043257,923.1829893149296,967.1147306162648,1637.1527777777778,85.53615333028407,8.874466419517987,male
trimmed_common_voice_en_41920621.mp3,-299.43524,65.80099,44.51491,20.264456,-16.456646,26.1151,-32.856384,2.5037584,-3.299701,-15.770969,2.9114347,4.934849,-9.8259735,2490.2776499445295,1489.6691645043734,3861.8551587301586,82.69167718524969,3.9980534532116034,male
trimmed_common_voice_en_41920622.mp3,-259.41165,133.82924,9.512617,23.287283,-7.973866,24.379978,-37.296303,-2.4989705,3.370371,-25.712704,3.8927617,1.9039624,-7.6027017,1436.7303958389668,1333.4432443670228,2697.9166666666665,81.0309814665795,5.594928067445431,male
trimmed_common_voice_en_41920623.mp3,-384.08502,86.66782,21.282484,19.4924,-12.637253,21.788004,-22.216774,2.6136596,3.2221203,-10.193075,5.4143696,3.7533624,-6.318193,1868.0883012563331,1349.751386958997,2977.4305555555557,85.38695468760802,4.749795231900962,male
trimmed_common_voice_en_41920624.mp3,-296.1947,142.56427,15.062246,37.66989,-12.311943,12.875317,-27.461065,-11.876376,0.7356036,-14.53153,8.457742,-9.885117,-10.167307,1181.5323177050686,1148.159813493587,2078.373015873016,79.67827964384476,4.899971273371366,male
trimmed_common_voice_en_41920625.mp3,-363.60532,113.09812,28.152388,39.21972,-5.513181,-1.3507863,-6.328881,-6.9749336,-4.6169553,-14.655621,-1.291888,-1.082272,-8.498214,1250.47340583836,1202.8624212250334,2020.3373015873017,86.04160989212795,9.048655136761525,male
trimmed_common_voice_en_41920626.mp3,-302.06244,137.10072,24.746923,8.619407,-21.043047,23.276018,-32.543358,-13.331773,-4.1391387,-12.542762,6.8456826,-2.3468,-0.16930962,1489.9605057985787,1217.9748009103653,2452.3809523809523,80.53253795484584,2.901311955076283,male
trimmed_common_voice_en_41920627.mp3,-337.82446,123.880974,33.012722,36.158005,6.3127575,14.185217,-25.374538,-8.844792,-6.731951,-11.046886,-0.27942654,-3.6902556,-2.5053031,1344.2347637148566,1322.4327483292434,2568.7003968253966,83.37521945244912,17.561210188436505,male
trimmed_common_voice_en_41920628.mp3,-316.9507,118.18772,8.65269,55.626266,-12.996638,8.958836,-27.901001,-3.8392022,2.3655398,-24.514616,6.9070005,-0.687934,-3.6456714,1518.157397385536,1327.9664083006671,2805.8035714285716,82.44000895656279,7.198082670399807,male
trimmed_common_voice_en_41920629.mp3,-297.3651,126.8602,1.3831834,33.88915,-12.061538,23.096594,-42.125156,-9.096469,-0.3470269,-13.970971,8.633598,-4.6365137,-6.882382,1573.587421508842,1275.4170105913645,2667.65873015873,83.21081985110105,2.5520591318830994,male
trimmed_common_voice_en_41920630.mp3,-269.3787,112.52933,4.1762686,46.090435,-18.655472,17.39333,-38.303555,-2.7695549,-3.7828095,-21.44746,4.7779665,-1.4728233,-8.229168,1725.6010573330525,1372.4609001113977,2955.3571428571427,80.58982513070681,6.9000015745731815,male
trimmed_common_voice_en_41920631.mp3,-251.75287,134.341,25.745028,23.787842,-35.51894,11.747882,-27.467993,-4.3042817,2.29782,-22.817013,2.8751462,-1.0135144,-5.8638024,1545.4802815147434,1110.5483740214904,2352.9265873015875,82.19559003590021,5.238377475064218,male
trimmed_common_voice_en_41920632.mp3,-331.59348,158.1698,7.294514,16.859867,-17.874233,18.069117,-19.505728,-15.361714,-6.0283155,-20.754757,4.2309957,4.1376476,-8.986553,1040.4332104768698,1000.7367458486372,1796.1309523809523,81.72793912015862,3.2580164417587443,male
trimmed_common_voice_en_41920633.mp3,-276.5097,89.29106,25.407616,16.967216,-11.585445,19.11671,-41.65061,4.1302147,-5.9875193,-10.582934,4.9725704,-0.5486344,-9.623468,2168.2994476559024,1477.6385759765296,3466.7658730158732,,,male
trimmed_common_voice_en_41920634.mp3,-329.56412,121.47304,-8.597613,24.961998,6.5074043,11.721055,-32.55504,-10.181002,-4.8570237,-10.689955,5.8239694,-4.0804954,-4.6086097,1446.5513496434253,1309.9454929536487,2660.714285714286,78.89757854159991,4.244639939262335,male
trimmed_common_voice_en_41920635.mp3,-287.93347,74.17489,34.48879,41.51959,-23.394417,13.408362,-16.747614,0.06501527,0.08591403,-13.0466175,4.219484,-4.2779326,-6.224134,2085.6451904495966,1478.7478543387099,3492.559523809524,94.67295394935772,10.272041208827844,male
trimmed_common_voice_en_41920636.mp3,-296.48035,145.06659,15.931232,14.4702835,-32.90457,21.852201,-24.961414,-0.24597007,-3.59439,-21.268879,14.564951,3.774879,-8.374599,1361.7802176063249,1129.8094298923213,2202.876984126984,85.64006312266972,6.003215616984146,male
trimmed_common_voice_en_41920637.mp3,-348.71738,85.41578,29.187645,22.132399,-13.275505,26.46952,-43.739487,2.4886925,-0.3006494,-16.972021,8.271223,0.7951212,-13.1168,2199.9609947467716,1404.4269706564821,3544.8908730158732,80.93827902721365,2.556903840957694,male
trimmed_common_voice_en_41920638.mp3,-381.70334,103.46091,13.410181,29.632545,-3.3339612,21.298407,-31.882557,-4.8516946,5.8091083,-10.339707,11.371393,-3.9716604,-9.754452,1524.3569831384482,1220.9030239524136,2546.626984126984,76.30736060945301,3.542402886878657,male
trimmed_common_voice_en_41920639.mp3,-294.31662,95.532715,36.89299,35.970863,-20.170067,14.923977,-33.242046,7.8126354,-4.8143415,-27.721146,6.294728,-1.6621766,-16.705933,1967.6141391723638,1286.597983346717,3006.6964285714284,79.37880944035628,3.473595857189624,male
trimmed_common_voice_en_41920640.mp3,-330.8204,80.37363,13.7056055,30.943224,-4.280282,17.547567,-43.25021,1.4218876,1.5656116,-16.947096,7.422229,0.09328371,-13.87579,2121.602008779208,1387.436424861537,3422.6190476190477,88.14664535580323,10.957032946987944,male
trimmed_common_voice_en_41920641.mp3,-341.1585,143.70967,24.980703,29.120506,-2.4272313,0.24926186,-23.281878,-10.253051,-0.710174,-22.193338,7.0193915,-1.1078504,-7.2732677,932.6541599475986,1141.246996294926,1780.5059523809523,87.75676263069982,9.79792158025467,male
trimmed_common_voice_en_41920642.mp3,-309.63867,137.32018,22.484247,35.276352,-16.294048,17.524889,-32.110622,-11.825295,6.4893026,-24.425482,-0.14709046,-0.89720225,-6.5415635,1306.7184690013344,1200.7778723606953,2242.8075396825398,76.40717556220997,5.083376745155419,male
trimmed_common_voice_en_41920643.mp3,-269.46835,103.50301,25.312845,41.7015,-13.041089,7.23766,-49.104244,2.3246193,0.7177754,-24.946985,3.192367,-2.5674248,-8.593782,1911.8052723157455,1378.0884289052767,3193.2043650793653,84.55307790690759,3.726827337273068,male
trimmed_common_voice_en_41920644.mp3,-268.4556,137.54457,-2.0826912,23.630667,-11.283077,24.304943,-37.694862,-7.8571205,-1.373013,-18.716673,9.400034,3.75894,-7.9564943,1367.1724515700855,1249.492372354824,2432.7876984126983,79.08733922648278,3.482735475301234,male
trimmed_common_voice_en_41920645.mp3,-309.63538,106.87769,40.141003,35.088837,-17.845476,9.646327,-14.883188,-2.4950993,0.23618636,-19.677265,-4.9923444,2.197364,-10.392038,1476.2948573663532,1282.3831247786986,2476.934523809524,86.00240533723377,11.709726471382975,male
trimmed_common_voice_en_41920646.mp3,-317.98154,105.99559,26.722452,33.55593,-12.465548,7.375387,-26.217642,-5.5625052,-2.129373,-18.463724,0.9847522,9.375757,-9.764545,1558.8447779391413,1429.6365983523806,2809.5238095238096,86.30642112325691,10.876686547660539,male
trimmed_common_voice_en_41920647.mp3,-312.34103,134.04918,1.5699681,24.05106,-7.7769074,13.794695,-44.11926,-9.190784,1.748961,-23.974466,2.8784282,4.591965,-6.229447,1400.8027850476958,1266.7931075387407,2504.21626984127,83.41017488572888,8.765733547807386,male
trimmed_common_voice_en_41920648.mp3,-280.82834,98.668816,33.668346,32.177773,-9.711836,2.7700858,-36.613934,1.6791828,-0.6933934,-13.946549,-3.1393719,2.7185616,-2.514934,1997.9859223032668,1438.9169230002983,3291.6666666666665,80.10403954507566,2.6275190964739634,male
trimmed_common_voice_en_41920649.mp3,-289.16016,88.607834,47.45968,35.80138,-8.93703,18.28066,-36.229538,-4.0917563,-3.0244231,-24.020628,-0.37231612,6.019119,-16.825466,2035.8196640203805,1370.9985802698825,3157.9861111111113,81.69063685097241,3.7886008296485456,male
trimmed_common_voice_en_41921726.mp3,-312.07126,51.88093,13.573319,35.114464,11.137435,4.782847,-3.3774312,-23.885342,-17.59049,-5.8523493,-6.7524967,-9.683503,-12.19209,2086.20329676755,1578.533299786241,3651.5376984126983,106.51378306434067,9.096770983916239,male
trimmed_common_voice_en_41921727.mp3,-303.17065,61.659744,31.83023,54.16256,7.9971504,-2.5528307,9.12031,-20.40058,-22.404934,-11.984465,-14.646048,-0.83353055,-20.37827,1865.1387667879808,1402.3945394903405,3265.873015873016,117.3481503015241,24.27403069379319,male
trimmed_common_voice_en_41921728.mp3,-289.33807,82.25113,6.602922,30.089706,-9.11307,5.588496,9.184546,-27.205465,-29.211124,-7.37709,-7.4343133,-3.6131723,-13.673788,1710.0569252828839,1296.1008547107965,3011.40873015873,116.7993446553578,8.566653221141742,male
trimmed_common_voice_en_41921729.mp3,-340.74234,80.80335,2.9406836,26.168808,0.12747689,2.2239466,6.427051,-28.674986,-22.862337,-9.622025,-11.619973,-6.157328,-11.851645,1692.8107173596643,1352.9736887756192,2881.4484126984125,110.66407249784773,2.4521059971134243,male
trimmed_common_voice_en_41921730.mp3,-417.07724,9.712864,19.551456,42.32162,2.1919794,6.363934,-8.184402,-20.24764,-14.043049,-0.9148848,-17.401022,-17.463726,-1.6276492,2725.1425734875493,1421.6512635039858,4173.859126984127,134.19724971261087,6.384212789559625,male
trimmed_common_voice_en_41921806.mp3,-191.56488,151.52005,-14.978155,10.182197,10.414781,2.5053542,7.1553407,6.842719,2.2889981,11.724538,-11.783861,18.2049,-2.5199535,1139.9263207517213,1362.0974910086325,2213.0456349206347,112.36921180473644,19.254909639122918,male
trimmed_common_voice_en_41921807.mp3,-150.01756,109.2127,8.380883,9.236473,3.3518672,9.359385,3.6405978,6.826825,-1.0944388,12.384734,-8.804434,13.298973,-6.9481874,1776.6492153046845,1764.5849477489567,3426.8353174603176,127.82287726187995,4.849416981600848,male
trimmed_common_voice_en_41921808.mp3,-147.3367,89.00108,-1.7110385,9.835004,-2.2539587,15.066994,0.91982913,14.1049185,2.9150898,12.781573,-3.4612136,10.71102,-1.9741551,1972.4183743989156,1752.6305147389696,3781.9940476190477,113.76606164879308,26.772936857351944,male
trimmed_common_voice_en_41921809.mp3,-157.9112,100.42147,-8.343402,0.36322042,5.3678646,3.183382,8.138574,5.3521404,5.924745,12.075936,-1.707606,16.98748,-0.44214907,1872.8049415235532,1723.0342734107087,3550.843253968254,122.7470757904814,35.762735348587725,male
trimmed_common_voice_en_41921810.mp3,-157.57774,111.66068,-7.203986,7.96609,7.5907893,4.936349,6.2415276,-0.019677555,-1.9839966,1.7257764,-10.998369,14.3847065,-5.0527477,1533.7646941218027,1720.1577816790589,3122.2718253968255,101.19422719339994,27.503375484791633,male
trimmed_common_voice_en_41921811.mp3,-160.70352,105.18087,7.1618567,6.344931,13.768618,1.7461888,-9.959169,7.048449,-6.4960303,6.1778245,-7.4389486,19.541698,-5.724806,2042.7870505618373,1747.1775849816768,3641.3690476190477,131.3074700301874,6.8134669591733585,male
trimmed_common_voice_en_41921812.mp3,-162.16393,103.02156,7.5128703,3.7562933,9.614411,0.30854988,-6.9965234,4.4254527,-9.656731,6.5246,-6.004309,15.409232,-4.5759177,2000.8523594088026,1772.1446207108077,3668.154761904762,133.238018463759,14.438106747740814,male
trimmed_common_voice_en_41921813.mp3,-169.58325,131.61821,-8.965045,-5.6110334,0.18357567,2.7850528,-2.890366,1.5014989,-6.1892114,11.927713,-8.632557,17.448551,-1.5401669,1513.363276124013,1452.852313431376,2634.9206349206347,130.95125001676925,35.22782272530882,male
trimmed_common_voice_en_41921814.mp3,-180.32698,117.262085,-9.22553,0.4208116,4.5630164,0.7746225,-3.94333,-2.1055512,-1.4966397,8.792306,-6.236672,15.215381,-2.4237888,1662.290079497209,1646.7409567078928,3214.781746031746,129.34003009888136,22.92077347284981,male
trimmed_common_voice_en_41921815.mp3,-176.69785,107.19408,-5.4535027,2.694267,1.8541219,3.1797938,-9.661396,5.219501,-1.0937006,13.633718,-6.920319,15.617495,0.8701727,1807.8091531975515,1657.5450550666594,3338.0456349206347,121.31209015600662,13.690581380680328,male
trimmed_common_voice_en_41921816.mp3,-193.78505,106.67342,-7.018244,-2.563491,8.178705,2.2679384,-6.8969703,7.58546,-9.518887,13.869535,-6.053893,13.912502,0.5860052,1923.5969732988917,1686.8043665616722,3396.8253968253966,130.85219345426506,4.194776711880338,male
trimmed_common_voice_en_41921817.mp3,-139.00961,93.506966,-2.6189783,13.505141,6.1102734,-5.9692144,3.7692902,-7.852471,-1.6424452,5.3453283,0.051707458,11.941471,-3.1157465,1851.2034111317596,1869.2303852836324,3724.2063492063494,127.45312382588162,30.415246693355083,male
trimmed_common_voice_en_41921818.mp3,-175.66693,108.999916,-12.625274,-0.2832272,9.600856,2.3156722,-0.07034251,5.6251674,-5.4377794,7.9925284,-5.4251103,19.741228,-7.1995344,1630.224391908039,1729.8471984901903,3397.8174603174602,115.82035254450878,34.341031245391314,male
trimmed_common_voice_en_41921819.mp3,-149.97672,71.70878,15.918251,-2.2662292,9.627408,5.851335,0.9333462,2.1761577,-3.3773572,-0.7853843,2.858303,13.701895,-4.3300304,2436.0230369916635,2050.413031505081,4687.003968253968,112.60903580365381,24.85345135139486,male
trimmed_common_voice_en_41921820.mp3,-150.96352,117.26597,0.15361986,1.8304167,2.2418392,0.72692347,-4.009385,2.8205945,0.47946617,15.56004,-9.684444,16.61919,-9.412291,1572.0967294372851,1704.1526786143886,3076.3888888888887,131.60952112244453,5.35427591932254,male
trimmed_common_voice_en_41921821.mp3,-143.53491,119.12696,-1.0531539,-5.588099,10.552867,1.6315577,-5.0355573,7.0431647,-4.816725,14.9025755,-0.5764464,18.067812,-8.186855,1730.232748173905,1753.4250192508234,3359.871031746032,131.14522923918562,3.393796410041812,male
trimmed_common_voice_en_41921822.mp3,-157.88966,104.29362,-4.699636,-6.5779004,4.5489097,-1.4642553,-3.3064628,7.718193,-7.9597297,19.017542,0.12275092,15.094644,-8.475894,2014.8308631401055,1732.0810900881072,3669.8908730158732,129.11185962525278,3.6289048235545387,male
trimmed_common_voice_en_41921823.mp3,-202.15953,110.612816,5.8360195,-8.753971,4.3755302,5.687023,-5.117184,5.7954097,-9.98221,16.6612,-0.95359194,14.560265,-8.411319,1816.7361620535755,1769.818242423373,3527.529761904762,101.66173257990002,30.87074321899384,male
trimmed_common_voice_en_41921825.mp3,-153.33713,102.18375,-9.933546,9.114014,5.483815,4.235209,-0.0325968,9.758717,-6.205297,12.929727,1.9771405,13.713648,-10.203806,1691.8696521215213,1755.9890870427141,3424.1071428571427,136.94078066022968,3.872753778267121,male
trimmed_common_voice_en_41921830.mp3,-243.90234,106.09405,-22.722183,10.316685,4.896205,6.7614484,-0.8107045,3.8609462,-0.75660014,4.698276,-9.129725,9.607656,-12.496405,1686.0590980306758,1567.3405446704983,3212.7976190476193,121.1867193886689,35.80765582061926,male
trimmed_common_voice_en_41921831.mp3,-202.42317,117.13884,2.0536113,8.818746,-5.825968,5.608849,-6.269273,-6.2940993,-3.0817657,-0.3020224,-8.842027,12.473768,-9.033471,1520.713457976285,1576.8444000025786,2902.281746031746,123.0560554110543,23.186220809857872,male
trimmed_common_voice_en_41921832.mp3,-191.39352,145.6087,-26.466208,36.615242,-7.3912125,-6.347237,5.5570455,-5.5880246,-5.674347,-0.69175434,-11.836823,14.094958,-12.701394,1134.7502812671785,1217.1987169476677,2150.2976190476193,132.17570991171885,11.068887989865868,male
trimmed_common_voice_en_41921833.mp3,-195.52419,131.49132,-16.252455,19.05494,-0.27105588,12.163129,-4.4635367,-5.3693013,-2.494292,0.9374005,-12.237216,11.565962,-8.3574,1359.8000929677073,1403.32651653209,2575.3968253968255,129.7815845681453,11.203235860793324,male
trimmed_common_voice_en_41921834.mp3,-214.63327,118.29546,-16.695969,23.887838,-7.176993,3.2453244,4.8320937,-3.2318223,1.7833893,-1.1683924,-7.651175,14.298931,-7.031793,1500.659203578705,1496.0393456793952,2905.0099206349205,119.8301632453792,21.860670671556477,male
trimmed_common_voice_en_41921835.mp3,-134.9729,110.95646,-17.010569,30.145193,7.3555746,-6.17388,2.2722242,-3.3071277,-1.6369342,-5.9748936,-3.6100836,6.131321,-4.4143333,1601.3678795358642,1570.5855214321869,3089.0376984126983,125.99088481395023,14.768412972789367,male
trimmed_common_voice_en_41921836.mp3,-193.41704,139.92834,-12.367776,14.990014,-1.5537862,6.7764764,-5.049907,-3.6170452,-5.413784,-1.8471054,-9.3843,9.48736,-5.146709,1325.9033544252836,1374.1358923218302,2453.621031746032,118.7523124642178,20.80273969639907,male
trimmed_common_voice_en_41921837.mp3,-195.49353,117.98862,-12.287776,18.5035,-2.0167427,4.8047457,-4.253935,-1.2238388,-4.7422886,2.26934,-7.4877944,9.212919,-3.8129623,1648.451450267358,1546.4198644658163,3129.21626984127,125.59122292526057,15.41991582332041,male
trimmed_common_voice_en_41921923.mp3,-410.01483,80.28355,3.7951066,6.7138047,-19.765913,-3.8249905,3.7691255,-9.477467,-4.192342,0.23579992,-12.577843,-4.339333,-1.7994056,1395.7680307851529,1386.4469347992876,2535.218253968254,173.82053070938989,98.03391677083455,male
trimmed_common_voice_en_41922196.mp3,-309.29492,152.38145,24.71187,36.79141,10.9243355,-5.0558653,-22.921356,0.8094104,-7.8901086,-18.996395,-6.2304907,-2.599791,-15.249235,1114.9272734692365,1073.8196985252296,1945.188492063492,125.55995083026876,13.583833839602049,male
trimmed_common_voice_en_41922197.mp3,-337.28305,157.43947,27.785933,35.610104,0.24519223,-8.427383,-17.762318,-2.906435,-0.6763624,-11.133443,-1.2734929,-2.2463994,-14.461968,861.0659367420832,1010.1885440035775,1612.1031746031747,124.55424013640652,7.120223729513816,male
trimmed_common_voice_en_41922198.mp3,-308.72284,156.08417,30.624378,39.509045,3.6672876,-6.5793147,-21.030783,-4.674438,-8.720566,-10.978016,-2.1010904,-5.0704556,-15.058762,777.416432493282,1035.6982988761995,1346.4781746031747,128.50668964211064,24.403028265054214,male
trimmed_common_voice_en_41922199.mp3,-296.5289,163.31993,16.633038,25.12243,8.732573,-5.117439,-24.972095,-3.2065713,-1.6961737,-9.096659,-5.07159,-1.3750339,-14.752188,988.8552644827311,1023.7786632001447,1680.0595238095239,114.17791320895691,6.246933038919686,male
trimmed_common_voice_en_41922200.mp3,-307.70566,161.50453,15.810283,35.3444,10.465947,-8.808972,-32.28738,0.6809123,-6.283218,-8.32984,-0.9750469,-1.2787919,-8.721207,833.8203937553101,980.9266636963247,1421.626984126984,114.21919880221328,8.281867315521083,male
trimmed_common_voice_en_41922380.mp3,-301.36237,59.659897,21.673502,26.574774,-26.79199,-6.3058395,1.3439033,-16.011728,-31.78975,-4.808829,-8.568061,5.678615,-11.843123,2443.3734042478986,1248.539492543562,3497.0238095238096,134.89958737188397,15.15707189774176,male
trimmed_common_voice_en_41922381.mp3,-345.8382,128.77551,60.998734,57.737946,-31.879894,-6.2748504,-0.54231554,-30.947647,-30.090887,-15.324621,-14.126361,2.1126206,-5.5704074,1161.6465996433212,1033.362249223194,1908.7301587301588,128.44764556667374,17.48074419606667,male
trimmed_common_voice_en_41922382.mp3,-342.80133,115.346565,34.67528,40.47743,-27.297514,-19.087502,-4.71475,-17.786697,-22.224138,-14.298278,-16.737947,0.6317079,-2.1181993,1798.1079408326075,1197.944188048745,2899.8015873015875,133.43439772767127,15.294991828439082,male
trimmed_common_voice_en_41922383.mp3,-327.58005,140.97993,50.436165,54.239594,-41.358116,-22.794209,-3.8936255,-15.743675,-27.701838,-18.047125,-10.958394,-0.14076379,-5.197266,1116.7465469226554,995.3602014580425,1907.2420634920634,135.57183990909536,16.460798686200235,male
trimmed_common_voice_en_41922384.mp3,-348.26868,155.82555,55.181217,11.6488695,-33.872704,2.0378184,-3.6424224,-15.191297,-32.028618,-14.755615,-10.923581,-1.137153,0.42853042,1436.6581944537015,988.9748605768929,2169.3948412698414,125.42649008256174,16.646719258211572,male
trimmed_common_voice_en_41923025.mp3,-348.18134,108.840546,-11.215438,51.44946,-7.8854,-7.343841,6.266614,-1.7149826,-3.11834,-0.9655491,-13.249685,-0.7498041,-6.1411676,1487.4278418879564,1188.657182332927,2551.5873015873017,122.35729697916757,18.72171358125691,male
trimmed_common_voice_en_41923026.mp3,-330.04712,167.30975,-0.82936627,5.638523,-29.442999,-4.348939,20.554129,12.360437,-7.850358,-6.507457,-15.1205,0.90670353,-3.4196672,1107.8345176306777,932.635921463651,1803.8194444444443,117.37503623479206,9.520345263231755,male
trimmed_common_voice_en_41923027.mp3,-350.59875,139.04942,-8.69026,28.686142,-23.052725,-15.349245,16.025595,2.639976,-8.758962,-7.652211,-11.860515,2.4262002,-10.980107,1395.9073430907288,1001.6251091541254,2203.8690476190477,108.60224191390878,9.47588468534294,male
trimmed_common_voice_en_41923028.mp3,-299.8453,134.03448,-5.254563,40.389145,-7.7574286,-6.63481,6.122657,7.7596197,-12.421471,-7.5482183,-17.737913,4.3950834,-8.534308,1461.3793602740857,1147.9278751579375,2546.875,115.62463256483092,7.245412956422774,male
trimmed_common_voice_en_42142514.mp3,-348.8925,121.247444,27.609089,31.752163,7.4087524,15.837496,-8.237491,3.4108117,-2.5761354,4.954338,5.1612844,3.8911393,-9.394271,1177.2747699687932,1422.4799459266778,2348.9583333333335,82.79705758227104,13.833770147825572,male
trimmed_common_voice_en_42142525.mp3,-361.82248,103.11508,37.466774,31.945456,13.972073,13.057808,-9.73084,7.946633,2.692361,4.0295095,-2.1349556,5.978092,-10.900818,1336.7402607556114,1539.8620708583126,2712.7976190476193,92.19698344811124,16.012177178956374,male
trimmed_common_voice_en_42142531.mp3,-279.40762,108.18571,45.353218,27.4346,12.142089,10.401191,-18.243757,10.615796,-4.1942234,0.88183266,-0.99013364,6.0741496,-13.943743,1749.768707641208,1244.6140953511615,2544.8908730158732,84.33495996444641,9.288844981661772,male
trimmed_common_voice_en_42142542.mp3,-277.8487,142.73589,28.414558,30.268833,11.083864,11.773321,-11.688599,7.794706,-4.526787,-1.332872,1.1681468,10.768606,-14.319328,1103.8298330449984,1158.4739238923125,1805.3075396825398,86.28353193664327,14.831865192446044,male
trimmed_common_voice_en_42142559.mp3,-324.30582,103.922134,27.394093,30.379322,12.601098,11.470778,-5.830467,5.942166,2.0435917,5.2817936,-1.9311872,5.577878,-5.2333064,1419.8741860962373,1552.903144402551,2956.597222222222,89.24895428302308,16.286880187709762,male
trimmed_common_voice_en_42142564.mp3,-354.36697,111.96953,24.799427,28.610668,8.493176,12.3376045,-3.761613,6.4248233,3.1469493,8.2638445,-0.78964865,3.267559,-3.2291722,1235.8492172522213,1531.7042367259926,2661.7063492063494,80.87907320647663,14.002089960005227,male
trimmed_common_voice_en_42142575.mp3,-299.9171,120.64015,31.784584,39.423714,15.60327,14.512569,-10.814504,3.1311748,-1.1466687,-2.460714,-5.090276,6.698373,-10.373726,1304.7854223713362,1356.4520819142904,2304.315476190476,82.69855984716484,13.506628495728398,male
trimmed_common_voice_en_42142596.mp3,-382.04025,116.8976,31.036411,17.39161,9.452436,12.321944,-6.956851,0.35141996,0.7336268,-0.14803869,0.58581364,6.722355,-8.432375,1381.9828719917418,1432.1284295110217,2590.5257936507937,99.37121681974219,20.146044508459962,male
trimmed_common_voice_en_42142597.mp3,-305.6263,127.22507,44.380516,27.515911,3.3519113,12.03863,-5.685252,6.301275,-9.000044,-2.2721279,-0.76406753,3.7498727,-10.524388,1391.3798284004365,1393.0135288002866,2595.2380952380954,90.5216606286614,15.391326692981657,male
trimmed_common_voice_en_42142598.mp3,-325.33282,111.668045,51.73416,34.40953,18.37213,18.149328,-14.40184,6.7661405,-1.8280492,0.82930964,-3.834095,5.810309,-12.223367,1415.3042288609113,1478.3156682754288,2586.5575396825398,77.30451281340882,9.064720697782736,male
trimmed_common_voice_en_42142601.mp3,-292.44965,163.17366,48.313976,28.768536,3.5432286,10.538075,-2.4027154,5.792157,-4.271144,-3.2245796,-2.7892425,4.5196247,-9.913356,970.1026468125386,945.1374987399037,1489.8313492063492,81.07500045745144,16.145485751352016,male
trimmed_common_voice_en_42142610.mp3,-298.05252,154.04596,41.476982,33.284813,17.81557,8.83594,-9.335156,2.4136028,1.7282684,-3.766448,-4.3468566,5.829693,-10.105199,1057.999459897236,1073.5598478708778,1719.4940476190477,80.45504796228927,8.512551645004882,male
trimmed_common_voice_en_42142611.mp3,-333.87732,141.66971,30.15701,30.39419,3.7053745,5.8646173,-3.611099,3.445714,4.7018576,1.1656935,2.2755215,3.1757317,-7.598033,968.914692770945,1229.5935975247567,1965.7738095238096,92.1268146929512,14.582077914555189,male
trimmed_common_voice_en_42142621.mp3,-304.45544,143.6345,36.505707,22.097607,0.35289505,4.829698,-0.95601785,8.938992,-3.8634315,5.8880696,5.003959,1.7174327,-5.2008123,1192.4338913170732,1212.2504374740774,2135.1686507936506,83.1712073344987,13.467772533635477,male
trimmed_common_voice_en_42142622.mp3,-340.9189,117.86921,32.839447,37.98622,8.849291,10.491072,-2.8567817,8.604532,2.5353634,2.6843064,6.026837,1.279782,-9.972962,1243.3456461012793,1383.7315023070444,2384.1765873015875,80.3359758936309,9.845553507779353,male
trimmed_common_voice_en_42142628.mp3,-292.696,114.6611,28.877304,32.968834,0.7018302,14.1785,-10.075823,7.6738877,-0.9111425,3.6674001,1.1500397,0.655198,-6.2806745,1392.1762975539505,1441.0475908395695,2640.625,97.54061665707175,23.123324301385125,male
trimmed_common_voice_en_42142639.mp3,-286.16464,93.11105,40.970844,35.654335,4.2019467,16.398476,-7.4026985,7.6554484,0.10596764,3.0024137,3.1850111,-0.8259196,-7.288196,1703.6540011441878,1412.013070704479,2922.8670634920636,102.08618160854721,20.826418905685273,male
trimmed_common_voice_en_42142650.mp3,-304.83383,114.38645,33.96661,24.457315,0.7923001,14.8483095,-10.688438,12.001271,-1.329134,2.9147062,3.1329236,3.0034533,-8.930217,1583.236722270702,1384.6031100893617,2694.940476190476,88.65106678667551,15.472641608452786,male
trimmed_common_voice_en_42142656.mp3,-275.82913,130.7872,51.398415,27.246841,3.7045617,14.369961,-7.8615894,10.241017,-5.118648,1.6916095,6.909231,-1.1627575,-8.836027,1421.406982424646,1290.0328916583621,2403.7698412698414,77.8857594586127,9.613632320112558,male
trimmed_common_voice_en_42142662.mp3,-311.24823,104.80974,33.716053,39.298622,12.196544,14.743044,-12.83002,3.368541,-1.0614145,-1.8228735,4.1406446,-1.2291113,-7.617495,1468.347872071368,1389.5922756146913,2625.248015873016,91.79555405304207,13.817785784798922,male
trimmed_common_voice_en_42617582.mp3,-257.54593,111.45547,6.5673814,45.176624,11.479174,-5.8274355,-13.008297,-15.83398,-19.822174,-0.46155116,-15.356939,-0.01590317,-7.9910345,1333.0047979142475,1368.1774873562729,2630.4563492063494,131.83537923194706,21.07338319491296,male
trimmed_common_voice_en_42617583.mp3,-265.75015,110.24202,21.077429,47.873352,12.915873,-13.54194,-6.0038495,-9.085763,-15.392447,-2.4412599,-20.471487,0.74418074,-7.19184,1269.6430980171212,1294.4002912992319,2332.34126984127,135.56592082639443,31.099652807769047,male
trimmed_common_voice_en_42617584.mp3,-340.31308,118.94163,4.7027216,29.677896,-5.1115446,-11.897313,-5.5065093,-8.824099,-15.07662,2.2626889,-12.093388,0.8242441,-5.9956045,1452.604428378166,1201.3823643000158,2339.781746031746,124.71125076656307,19.158014023680757,male
trimmed_common_voice_en_42617718.mp3,-293.2206,108.257835,-2.8052526,10.9378805,-23.202442,-10.103108,-30.890345,-5.76128,-26.336708,-5.1679645,-10.041815,-11.022555,-4.131615,1495.653003620393,1484.926405586769,2934.027777777778,117.632822538354,20.53344395406178,male
trimmed_common_voice_en_42617719.mp3,-296.4511,115.52477,12.612189,-17.247984,-3.926458,-14.379502,-12.244322,-21.333181,-20.743368,-13.815534,-12.006678,-6.0711174,-5.61755,1821.4211333830656,1546.6419629321917,3142.3611111111113,106.85690144988486,9.235886562547483,male
trimmed_common_voice_en_42617722.mp3,-337.67514,96.22817,-10.097416,-4.909036,-13.267084,-25.07179,-16.443293,-14.359007,-20.576117,-12.358886,-13.545701,-10.615824,-4.8620086,2003.6413483969643,1568.5884153342886,3516.121031746032,114.6903653374783,16.59969826521963,male
trimmed_common_voice_en_42617724.mp3,-275.91077,97.659515,-19.07373,0.26642093,-20.114395,-23.735266,-14.935576,-16.410835,-11.747026,-10.371702,-14.250729,-6.3145385,-10.260878,1777.5291111173747,1487.724169089135,3037.9464285714284,115.85385501223809,4.856200403058334,male
trimmed_common_voice_en_42687538.mp3,-333.82745,90.49158,17.40032,28.572262,22.634796,10.33582,-15.067892,-2.1127899,-10.034947,-4.606849,-15.316087,-4.792528,-4.348313,1735.2945065904626,1334.606996794792,2891.6170634920636,166.8970948013444,21.760303269715727,male
trimmed_common_voice_en_42687539.mp3,-242.91367,83.810234,-17.291222,-1.0079594,-7.85095,-7.0415006,-29.483248,-0.1524041,-19.811937,-12.39502,0.15206413,-7.108739,-12.530616,1841.9774789641776,1679.8506534495195,3549.1071428571427,136.6715719504725,8.762927487715205,male
trimmed_common_voice_en_42687540.mp3,-249.50008,75.86431,-12.361067,-1.4028326,0.11894715,-0.49892986,-30.936266,-4.861164,-19.283451,-12.503193,-1.510318,-5.418578,-11.142702,2027.4686239147738,1696.94651960044,3854.910714285714,137.8865456082675,14.752768520409933,male
trimmed_common_voice_en_42687541.mp3,-253.29543,66.178246,-10.352076,13.156799,6.148987,-13.485901,-25.460133,1.9574347,-20.166695,-15.541788,2.3983102,-16.454412,-10.225657,2219.2284900003506,1763.2910395759925,4019.593253968254,152.19187593178813,18.712436841352613,male
trimmed_common_voice_en_42687542.mp3,-254.34686,64.77731,-17.243017,-16.55694,-3.6413958,3.7688665,-33.067028,0.8120562,-18.11386,-4.022995,-6.287609,-8.728872,-12.680899,2193.1100734809424,1684.629625633577,3958.8293650793653,148.78192154826414,20.163328702369412,male
trimmed_common_voice_en_42687543.mp3,-268.85352,65.61803,-16.636703,10.37777,7.632803,1.5586152,-35.56145,3.0141208,-16.782906,-16.251024,-4.553362,-10.081083,-10.130483,2122.8395956255586,1711.5355114590072,4023.065476190476,150.46985014376546,12.40954495842075,male
trimmed_common_voice_en_42687554.mp3,-302.93738,105.981155,27.484312,30.176981,11.718033,16.515806,-11.895281,2.4749072,-9.746294,8.567969,-3.7622867,-19.519117,1.501891,1481.7544367595824,1269.3376510400221,2558.035714285714,147.7931894396266,17.7220944173487,male
trimmed_common_voice_en_42687605.mp3,-338.47583,67.995255,29.37781,23.809738,23.24508,2.5636773,-28.390287,6.8161874,-10.891138,-7.0981345,-5.4621644,-4.1751146,-8.116002,2144.5999959002893,1420.2215245339262,3406.746031746032,156.7240625214757,19.59410142625076,male
trimmed_common_voice_en_42687611.mp3,-303.90878,109.2891,11.22958,36.00864,35.943295,4.0903406,-28.469547,4.278558,-9.65217,-11.329349,-7.541678,-3.0792053,-14.978767,1382.160589496798,1152.707615375339,2196.1805555555557,157.89910929468425,20.06516810023147,male
trimmed_common_voice_en_42687622.mp3,-373.9518,112.36875,24.406834,43.526405,38.563797,5.197937,-14.572837,-1.3372979,-4.3911395,-6.0469475,-8.656654,-2.9168763,-11.214296,1116.8674617820877,1147.5169973140971,1998.5119047619048,142.71356389368503,17.92233205843988,male
trimmed_common_voice_en_42687623.mp3,-309.71896,112.64809,13.026751,53.570477,42.661156,-0.6381086,-24.180084,3.79822,-9.05917,-7.1462502,-12.5685835,-4.4149156,-10.683138,1157.3731255002288,1131.8717332960873,1953.8690476190477,151.18770727722952,16.6939484580124,male
trimmed_common_voice_en_42687634.mp3,-307.14203,126.32628,27.469154,32.518665,24.473547,2.2215674,-19.650211,8.077682,-10.515249,-11.146753,-1.2056662,-3.6114354,-16.939634,1354.0075089804843,1086.8731066333933,2152.777777777778,139.62891175597906,15.470050163163075,male
trimmed_common_voice_en_42687650.mp3,-305.153,156.14874,21.778406,35.322376,22.323503,-1.0719339,-26.050917,5.958345,-8.536398,-12.515266,-6.5427547,-1.1294935,-13.868196,768.9256955832726,949.0375591295941,1368.3035714285713,149.11777993798063,23.55692556836552,male
trimmed_common_voice_en_42687716.mp3,-309.16553,148.37897,-6.038061,37.579556,0.9863277,-2.6276276,-13.266796,0.8924286,-7.907556,-1.8699343,-8.687236,-17.722832,-7.2140546,936.7218616710603,1034.9556196574795,1722.718253968254,141.73685142456748,15.056809690564844,male
trimmed_common_voice_en_42687732.mp3,-268.44678,115.817665,-4.532255,26.361914,-7.6318746,-4.2000446,-18.691854,7.1025434,-1.7068044,0.39247108,-3.10255,-19.466728,-6.0292606,1610.3746715021632,1183.9651816314602,2671.875,141.9072781216034,15.357437058170806,male
trimmed_common_voice_en_42687811.mp3,-275.8983,82.77813,-13.420501,34.32376,14.067958,1.0978379,-36.771515,-5.1957254,-7.5084114,-7.519728,-10.657383,-3.2543287,-6.4456334,1900.0159668685799,1342.4114245203857,3232.6388888888887,143.68014415907695,17.742014117468255,male
trimmed_common_voice_en_42687813.mp3,-339.65372,130.03346,14.379307,10.343805,-14.022021,-6.599232,-18.892038,-8.535507,-13.12934,-5.377343,-7.5218997,-8.027434,-1.4008318,1075.8270210779979,1199.134569980806,1963.045634920635,158.98216197521106,28.19261913551137,male
trimmed_common_voice_en_42687819.mp3,-299.74918,123.22518,-4.913861,24.032907,6.7561193,-0.76248413,-25.344646,-2.1367776,-15.272576,-4.6187387,-7.7000036,-6.324886,-5.943151,1398.3790119933042,1179.3168847871239,2302.5793650793653,144.42802968931736,20.357122341604363,male
trimmed_common_voice_en_42687835.mp3,-321.4646,103.20413,-5.818715,37.25341,2.3931978,0.103478976,-27.836508,-3.2515328,-13.633131,-5.5221148,-4.716032,-9.640065,-6.085783,1437.8447227119966,1328.9801673315008,2585.3174603174602,145.0261486971145,19.25801512613644,male
trimmed_common_voice_en_42687842.mp3,-274.12656,97.23846,5.40069,36.65203,-7.9699306,-1.0575808,-25.473347,-2.3149087,-14.36844,-8.041683,-5.0502825,-12.433983,-7.662793,1479.2327912400328,1343.184378070496,2714.53373015873,156.96833740361032,17.037811337395656,male
trimmed_common_voice_en_42687847.mp3,-270.75012,138.7626,-10.577156,8.046156,-4.7510724,2.107953,-26.310932,-2.736071,-10.317509,-8.66576,-1.6150191,-6.500232,-6.9232388,1354.4923307473616,1127.008115661841,2256.6964285714284,149.0208446162145,23.44409228737965,male
trimmed_common_voice_en_42687867.mp3,-279.42938,123.96117,-3.1841996,16.910168,2.1720164,0.781558,-33.466557,-6.15211,-9.608288,-9.034245,-6.873121,-7.883549,-7.68249,1401.4787984745155,1187.9006806513498,2335.3174603174602,158.25049171060004,29.01945110576259,male
trimmed_common_voice_en_42687873.mp3,-290.5891,125.15555,-14.192775,33.448708,9.279318,0.54960114,-29.33605,-2.775972,-9.782499,-9.89662,-10.003455,-6.323387,-8.712651,1232.7710086120978,1180.0504228846219,2271.8253968253966,145.0398487545765,12.230823087913679,male
trimmed_common_voice_en_42687877.mp3,-264.31305,99.55543,-1.3210405,36.57357,1.5697505,-1.124239,-36.357246,0.76582545,-15.119409,-11.152906,-0.92758054,-11.823295,-8.771126,1617.8960030084806,1294.2683949268296,2650.0496031746034,153.55338591295896,26.070963645115675,male
trimmed_common_voice_en_42687883.mp3,-256.69144,108.74713,0.74055725,28.805199,-10.186876,3.854128,-35.40238,-0.19141589,-17.139902,-4.7556286,-4.971651,-11.726787,-3.6839404,1521.1556216688239,1318.5974926845056,2621.7757936507937,143.68245764724114,10.163259217675353,male
trimmed_common_voice_en_42687884.mp3,-301.06763,144.56876,-7.2121267,21.728851,14.986798,-0.5401092,-34.619984,-9.474616,-8.48102,-7.0116754,-5.464724,-9.73741,-8.320616,922.9317355476305,1046.3864682517947,1665.6746031746031,152.46592122172132,23.74906424710468,male
trimmed_common_voice_en_42687890.mp3,-292.86603,119.36227,1.8408898,32.64137,-4.6902175,-2.1671016,-24.754986,-5.6812344,-14.252915,-1.3819814,-2.8383281,-8.565816,-3.475481,1423.8878369395873,1206.6517909941733,2491.815476190476,138.42642717380124,9.097957390103105,male
trimmed_common_voice_en_42687897.mp3,-287.32434,130.98224,5.123935,13.912694,-5.7643757,-6.150677,-24.641272,-1.0172988,-16.426895,-12.040341,2.3635333,-10.319716,-5.871233,1275.0058015975676,1119.341482036493,2090.5257936507937,153.17586238039894,31.540309405620004,male
trimmed_common_voice_en_42687914.mp3,-315.11572,100.671875,-4.6537046,35.23625,11.471972,-0.9894099,-33.489143,-0.539359,-11.330213,-10.596418,-2.738918,-10.243868,-3.3415196,1630.2167747651356,1307.9999201310166,2897.3214285714284,148.05425941976773,11.819443953709223,male
trimmed_common_voice_en_42687917.mp3,-280.2886,120.69033,4.278894,22.766272,0.5258085,-1.1931534,-23.936697,-7.8143253,-17.016144,-5.358162,-3.7360907,-12.310088,-6.1915674,1430.0942452198367,1248.3735367664183,2620.535714285714,144.69317235514418,21.038924493640863,male
trimmed_common_voice_en_42687918.mp3,-283.32596,121.33819,-13.836289,47.528366,9.140979,-1.5205672,-32.944176,-2.1331685,-10.97304,-9.776119,-1.7522914,-11.652711,-6.993581,1223.038064278207,1213.2126454811723,2390.376984126984,145.10025731947968,19.470813410413818,male
trimmed_common_voice_en_42687919.mp3,-258.37946,109.83757,-0.6851319,38.86582,7.9140224,2.7935994,-40.409016,-3.4104974,-13.768308,-12.58143,-1.0478138,-13.97454,-3.3369539,1434.5216498182579,1336.1448114544503,2705.1091269841268,146.14421078638767,14.579986627319377,male
trimmed_common_voice_en_42687922.mp3,-295.49326,122.04257,-3.8991838,35.851646,1.8071684,-2.3002532,-24.136038,-1.1134123,-13.066366,-11.511144,1.0766875,-13.528797,-2.655778,1240.4028077135026,1117.421698958155,2100.4464285714284,147.22564100713728,14.897323028512085,male
trimmed_common_voice_en_42687927.mp3,-276.90964,122.37232,1.7316846,33.325382,1.5680978,-0.8703232,-30.651506,-5.938131,-17.454454,-7.811972,-3.9548159,-11.259136,-8.089583,1205.4905874620579,1165.7705224372778,2194.1964285714284,151.57899134979746,25.192672908310435,male
trimmed_common_voice_en_42687934.mp3,-281.69092,123.60097,-12.543003,38.498783,4.049163,-5.108759,-26.014292,0.9050774,-16.485418,-8.569077,1.5813432,-12.499684,-6.892612,1259.342775520991,1192.1332366114464,2311.7559523809523,147.0311718214799,20.00507567283579,male
trimmed_common_voice_en_42687948.mp3,-287.79315,98.037834,1.8732123,14.576273,1.8292725,9.288364,-32.863552,-8.724184,-17.472715,-3.1941133,-2.9648855,-9.336195,-8.923341,1822.6653821270568,1360.908358447112,3061.2599206349205,164.04154261298498,21.423935651074967,male
trimmed_common_voice_en_42687954.mp3,-296.9288,97.96873,-2.5164506,45.441746,13.3076935,-0.16435006,-22.592928,-12.4469,-12.880409,-10.675817,-7.25059,-7.3610287,-10.38345,1372.2123886319105,1310.0186484077765,2475.1984126984125,155.40717007006128,19.827998213649746,male
trimmed_common_voice_en_42687964.mp3,-298.26077,135.73318,2.2702959,22.582495,-13.339232,-5.9672766,-24.96085,3.0091832,-14.885152,-12.355224,-0.5011931,-13.1276455,-9.004493,1089.8756959234468,1146.8162655821318,1935.763888888889,155.55693888853486,14.771916189286957,male
trimmed_common_voice_en_42687973.mp3,-278.0858,112.40398,-5.6708183,26.529688,-3.473336,-7.0130825,-27.40201,-4.314882,-14.238604,-9.032183,-6.90745,-10.942207,-4.479885,1336.0799403768303,1287.2701480711582,2450.8928571428573,165.02482179387934,17.31290841048533,male
trimmed_common_voice_en_42687987.mp3,-284.187,94.50421,-9.785582,47.552578,10.832077,3.4201121,-32.391827,-4.5900707,-13.082528,-9.4183035,-3.5383604,-8.925349,-8.71654,1458.6346737451884,1283.3312037699004,2684.5238095238096,151.90012183865497,21.66158379950443,male
trimmed_common_voice_en_42687993.mp3,-279.87302,85.48422,20.69917,23.981236,6.764117,-1.3853297,-31.25389,-10.351371,-15.057176,-10.951005,-8.27495,-13.950541,-8.664926,1796.6157304988985,1422.135629410682,3115.3273809523807,175.20260123487628,27.503065318591414,male
trimmed_common_voice_en_42687995.mp3,-289.5785,96.142876,-1.1909635,26.138865,1.4664656,0.80088484,-33.37458,0.058763172,-17.489937,-8.799104,-3.4946806,-9.998362,-7.289517,1506.7183102075908,1331.350535671627,2572.4206349206347,154.0212742737879,21.228572082928203,male
trimmed_common_voice_en_42688001.mp3,-294.11975,110.05724,3.6805573,30.359795,3.3621323,-1.6444924,-26.85346,-7.1143894,-11.582048,-7.1802506,-5.4977775,-8.981406,-10.858695,1497.3917470042798,1323.913559173139,2752.7281746031745,152.18925245772311,13.891857224547197,male
trimmed_common_voice_en_42688003.mp3,-345.0731,119.95215,-7.9124193,5.336076,2.4894094,4.8120203,-32.178455,-8.883944,-8.800506,-4.2166214,-4.9759097,-4.143811,-2.552376,1310.6411584493371,1271.3860358437303,2360.1190476190477,141.5350251398879,13.419491274135398,male
trimmed_common_voice_en_42688009.mp3,-273.232,127.42738,5.050398,13.141648,1.0877718,3.6952045,-23.118702,-9.031577,-14.225994,-8.04369,-9.230469,-6.5845895,-6.9047275,1414.7031453864379,1142.6723622496731,2376.2400793650795,147.39262297013738,12.887067423462367,male
trimmed_common_voice_en_42688010.mp3,-310.62985,98.577576,-3.091812,36.88017,0.5843413,0.96353537,-23.034536,-6.632918,-11.341884,-9.39272,-4.7327147,-8.951293,-10.139847,1515.6604753064707,1403.0314039700947,2814.9801587301586,156.47240355767693,19.811676141162227,male
trimmed_common_voice_en_42688021.mp3,-263.62048,100.81271,-5.2911572,39.185074,7.9037695,1.207808,-38.794086,1.6035994,-17.3747,-8.746768,-2.8136988,-12.154893,-10.465977,1465.961096615011,1372.1556648597434,2719.246031746032,164.50188091068082,25.195813600095953,male
trimmed_common_voice_en_42688022.mp3,-252.82535,111.170746,-3.8443458,15.094477,7.377097,6.9402366,-45.457535,0.9033336,-11.431384,-11.551551,-1.8068022,-9.626002,-8.316747,1686.939538461835,1249.6452781155285,2753.968253968254,144.06363664148574,13.893177429711049,male
trimmed_common_voice_en_42688023.mp3,-260.7399,82.12884,16.667505,42.892437,7.408355,7.269162,-29.82188,-1.0094733,-12.485387,-8.545316,-6.777961,-11.361954,-11.724047,1760.9447648196212,1482.4467847232652,3205.1091269841268,149.55901482851274,14.13524467283317,male
trimmed_common_voice_en_42688047.mp3,-269.30563,121.11858,-8.532989,33.842793,10.085502,-3.060397,-30.800203,-3.043876,-11.6264925,-9.765477,-6.140496,-7.441564,-10.292956,1276.7236504718994,1201.473955971641,2275.2976190476193,147.47855247116215,18.759166487333356,male
trimmed_common_voice_en_42688053.mp3,-295.5044,96.228096,6.2182302,44.452686,3.5398767,-1.2494395,-24.920362,-4.064369,-11.358849,-12.15786,-6.106486,-7.1833925,-9.596753,1409.6560491097864,1363.889997209353,2687.251984126984,155.05670300811835,22.121499725173358,male
trimmed_common_voice_en_42688093.mp3,-294.89053,144.8716,-4.562801,29.01968,16.89178,-0.4341052,-34.58189,-7.4613733,-11.463714,-10.112801,-4.5991774,-13.307574,-2.0427272,1049.2672573939717,1014.4931721904532,1894.0972222222222,140.974261709765,14.868495270531557,male
trimmed_common_voice_en_42688097.mp3,-366.90094,110.42237,2.5200384,37.143475,22.935781,-9.716411,-23.259542,0.11335477,-13.891875,-7.004261,-6.1652064,-8.532939,-7.463347,1245.1176146675623,1313.178141840379,2470.9821428571427,141.0750362547654,17.621275974049528,male
trimmed_common_voice_en_42688101.mp3,-327.07315,96.718575,4.6225486,42.110203,0.3759308,-9.142798,-24.240757,-0.5631669,-13.303796,-6.3986106,-3.7004094,-11.776961,-5.025258,1551.5453514269561,1296.6121123115565,2749.751984126984,149.79463807941198,15.85080905604318,male
trimmed_common_voice_en_42688107.mp3,-313.3762,136.11902,11.706502,22.830048,4.649723,0.28276947,-26.390066,-5.303645,-13.457632,-8.165492,-2.2876956,-9.531784,-5.5803127,1181.3233895229566,1096.6893120009015,2058.779761904762,147.77223358173435,15.960350879351646,male
trimmed_common_voice_en_42688108.mp3,-318.92996,107.27475,9.008727,9.485101,-7.0642066,0.5109667,-28.903017,-2.0302196,-9.006651,-8.176624,0.086200796,-8.503587,-12.283638,1668.1613523245621,1311.9252438012227,2785.46626984127,144.4448306857854,11.605953914885838,male
trimmed_common_voice_en_42688109.mp3,-307.7549,124.124435,4.135997,21.471115,9.889951,-1.6307902,-35.637848,0.87594974,-13.602098,-18.335394,-1.009558,-7.0494018,-10.519884,1320.3864140338344,1189.5143738638133,2435.7638888888887,162.06707049909366,22.651399213738866,male
trimmed_common_voice_en_42688110.mp3,-290.71652,101.54277,2.3278413,26.549,5.1922016,-2.2452033,-29.582186,-1.7607976,-15.902994,-7.829468,-0.91566116,-11.912879,-5.4508085,1660.6971571894599,1317.0094493768781,2795.1388888888887,145.84487565092778,10.08677848959518,male
trimmed_common_voice_en_42688142.mp3,-293.29413,141.32404,-14.371271,32.205215,18.287928,7.643988,-2.0943542,2.7986476,-24.524258,-14.420201,-12.937723,-11.035441,-19.667263,877.1981347016907,1050.9342362388695,1709.5734126984128,144.5248514734635,25.116719770282117,male
trimmed_common_voice_en_42688149.mp3,-269.49078,106.18806,-8.378397,40.210526,18.733997,21.172821,-2.0336776,-5.0437093,-23.839836,-2.3186316,-17.496735,-13.497896,-4.654777,1435.6457023041173,1275.9817793740588,2529.5138888888887,133.97347676874588,9.150333489294676,male
trimmed_common_voice_en_42688162.mp3,-317.25177,142.59818,14.250013,25.989033,8.641643,2.3503013,-2.3048081,-13.245731,-14.689375,-8.422099,-16.036966,-6.61614,-6.838644,931.0427507589579,1028.5165852266623,1623.015873015873,143.00905128651007,15.074712045276296,male
trimmed_common_voice_en_42688173.mp3,-288.46786,133.58958,-8.785828,20.122728,10.196908,6.0831385,-17.552223,-12.76276,-15.051936,-4.3650904,-15.868791,-11.209413,-4.251774,1244.7153676621278,1179.4429041686442,2212.7976190476193,163.25150910228047,18.704894793128876,male
trimmed_common_voice_en_42688176.mp3,-282.3439,124.660034,-6.5919094,28.37448,18.829939,9.460898,-12.030223,-9.450197,-13.7938595,-6.526223,-19.925837,-6.1482167,-2.9382656,1297.9147595181319,1170.215756991104,2270.089285714286,144.433953661946,14.390599915858592,male
trimmed_common_voice_en_42688185.mp3,-263.23245,162.57697,-11.505384,21.323645,2.6735754,-1.7553788,-12.40426,-14.475956,-13.234756,-7.7037,-17.622564,-6.241002,-4.643105,893.0140592352162,958.8683618019726,1631.6964285714287,154.60416216961517,21.423860822866345,male
trimmed_common_voice_en_42688186.mp3,-309.78226,138.86061,9.887888,17.751923,-9.59742,5.771997,-5.4754577,-13.6108055,-13.376242,-5.336085,-11.630698,-3.702895,-10.496496,1123.5359491925956,1142.346065422629,1932.0436507936508,143.65959643743025,10.688176554402698,male
trimmed_common_voice_en_42688196.mp3,-300.05865,153.79361,-12.028801,16.840912,17.477993,4.606177,-18.537882,-7.6979766,-8.42015,-12.181827,-11.183302,-7.0172453,-7.3959045,910.5669508139962,1022.6999551594887,1701.140873015873,142.59309066826148,10.730840820956846,male
trimmed_common_voice_en_42688208.mp3,-256.76154,151.94102,-21.307724,10.19304,10.55391,5.3426805,-20.67182,-8.225815,-14.345341,1.4433444,-18.149662,-3.05665,-11.171488,1165.5953757876875,1114.0554016889703,2151.0416666666665,145.85335170104275,19.160780434953416,male
trimmed_common_voice_en_42688213.mp3,-276.3415,153.55171,-10.5933275,18.729446,-4.579358,1.927697,-6.9917917,-14.509004,-16.502636,-3.0098453,-21.154015,0.13694699,-11.447491,1093.2276390307861,1021.0060207771822,1910.4662698412699,149.45913419908354,13.982365724709506,male
trimmed_common_voice_en_42688215.mp3,-291.69794,163.3984,-8.445575,19.633762,5.7828026,2.9496577,-2.3624089,-11.847693,-14.671048,-6.0533257,-20.801786,-4.9103565,-6.778858,902.3263146226496,950.1108531951053,1676.3392857142858,144.476385981154,9.942181089078908,male
trimmed_common_voice_en_42688221.mp3,-317.0941,131.65622,-10.717927,15.859078,12.9064455,-2.187744,-18.751757,-11.110609,-11.774055,-11.22142,-14.903522,-4.302863,-10.891171,1346.7200223953596,1200.6245590317524,2469.7420634920636,155.59460287740086,12.260095715702027,male
trimmed_common_voice_en_42688222.mp3,-334.44302,147.32884,1.616194,17.232784,-8.363681,-1.6844583,-0.92984915,-16.939497,-15.0094595,-1.7022783,-18.459787,-3.4200134,-6.259571,1072.007547830946,1064.983446308565,1893.1051587301588,158.2645711489891,19.386196144887794,male
trimmed_common_voice_en_42688223.mp3,-278.86533,149.7995,-9.789894,27.75575,10.662615,10.078291,-13.68557,-14.361608,-13.729901,-3.766758,-19.252127,-0.7245007,-11.999038,996.7541582808234,1042.0867283905613,1873.015873015873,141.51636896198596,11.801109029787426,male
trimmed_common_voice_en_42688229.mp3,-276.3404,137.86922,-3.2748616,22.798805,3.5775416,4.0022545,-11.903785,-9.751695,-25.496185,-2.693202,-20.496256,-7.1546464,-10.799849,1380.029299671892,1121.627838016347,2288.1944444444443,158.0428061800116,24.80998027282847,male
trimmed_common_voice_en_42688236.mp3,-298.85715,134.75893,-0.23424,30.277872,5.2983446,7.0741534,-1.8455601,-16.822235,-17.060448,-1.3136432,-18.206873,-4.95919,-9.43007,1036.9890460549314,1146.260360680166,1874.751984126984,142.68555694989556,12.169834319824256,male
trimmed_common_voice_en_42688246.mp3,-300.42734,135.19617,-15.521701,19.393272,6.8239527,3.626932,-16.147758,-12.926652,-12.656074,-0.23368257,-12.262647,-8.198524,-4.4453545,1377.089410383182,1081.5376742427131,2257.440476190476,144.7304378084391,13.469158901059826,male
trimmed_common_voice_en_42688247.mp3,-295.41473,144.94746,14.12375,32.915493,-3.468927,1.5877639,-4.5916467,-14.503775,-16.16423,-2.011308,-17.155725,-6.81409,-10.737299,1053.4603188079163,1035.239032157845,1795.138888888889,141.91738466765327,15.50759214205746,male
trimmed_common_voice_en_42688249.mp3,-300.86072,162.29051,-8.099737,30.462175,19.440695,3.1561308,-5.4345074,-16.471846,-16.234398,-9.147864,-20.040213,-5.244477,-6.867952,760.6292090025136,922.561885354317,1488.343253968254,147.82542278807267,17.53173216877977,male
trimmed_common_voice_en_42688259.mp3,-293.8651,128.50615,-5.7912946,30.174862,1.3802758,8.024403,-17.390453,-15.320414,-16.132393,-3.7400043,-15.774883,-9.103331,-6.8306904,1157.559434424518,1025.4971148714062,1983.3829365079366,167.99122317330261,30.49862937398087,male
trimmed_common_voice_en_42688260.mp3,-292.9335,145.32578,-10.68285,34.862,7.704103,3.2281556,0.3846496,-7.2802835,-20.63701,-1.3090332,-15.179353,-7.892834,-8.525326,896.0229579656065,960.7335661880402,1590.029761904762,149.17206248701146,20.65160626273187,male
trimmed_common_voice_en_42688261.mp3,-361.8782,119.864395,-4.637735,25.090044,-3.7580035,4.3135643,-6.2674527,-10.199419,-13.816061,0.9454642,-11.184646,-8.123618,-8.260394,1198.7158884768908,1221.854616669142,2341.0218253968255,155.6678897319634,19.206675456969418,male
trimmed_common_voice_en_42688262.mp3,-373.09897,150.54114,3.8747,1.4077903,-5.3142223,4.7663703,-8.867665,-14.508184,-13.438509,-6.608507,-10.290269,-5.0900865,-5.5835996,1038.9739572575672,1091.0451986538612,2021.8253968253969,171.79756382158723,48.309733647459666,male
trimmed_common_voice_en_42688263.mp3,-319.3535,152.6677,4.2213964,13.325483,7.3742857,4.0493813,-12.272093,-11.838909,-12.773996,-5.3170395,-18.05965,-8.273218,-9.428401,1024.148347005936,1020.0324939407077,1834.5734126984128,152.74875826563314,14.727994324999559,male
trimmed_common_voice_en_42688264.mp3,-305.88095,156.86372,-12.287415,25.93576,8.578001,3.316561,-7.1642823,-17.956434,-15.773306,-1.8479779,-18.149897,-4.018255,-6.0031123,873.4823711595758,973.0118489266295,1599.454365079365,144.24854195631366,14.290891932157805,male
trimmed_common_voice_en_42688265.mp3,-301.26318,140.27046,-19.903019,19.216293,8.761818,12.582252,-21.428274,-3.0089784,-11.2444515,0.6575379,-12.162192,-13.832198,-6.3835664,1125.0266574103475,1086.13227831329,1882.688492063492,148.3433150034109,14.962092715300981,male
trimmed_common_voice_en_42688270.mp3,-287.13043,163.7059,-5.45956,41.83474,6.431342,-8.486351,-6.194672,-16.711224,-14.348271,-10.032288,-17.710114,-7.360198,-10.881329,740.8619614675918,881.421800339547,1355.1587301587301,145.91565651019164,13.345957586672077,male
trimmed_common_voice_en_42688272.mp3,-289.71463,127.58049,-5.739903,21.996544,4.9213233,7.625358,-15.867283,-9.942161,-14.488086,-6.034023,-16.95451,-3.1912138,-13.923723,1417.3210449722417,1157.703938474884,2466.5178571428573,151.17891847441615,11.439934928247578,male
trimmed_common_voice_en_42688273.mp3,-309.55933,110.2198,-1.0199859,29.931013,-6.375658,-2.4485226,-10.975776,-9.1083145,-15.51199,-4.8396463,-16.922976,-10.009033,-9.8874235,1369.1995728483878,1266.631013951805,2455.3571428571427,176.1701973966525,43.10820230180644,male
trimmed_common_voice_en_42688274.mp3,-260.34985,147.13196,-21.25968,32.049606,13.757213,-2.6276975,-16.620403,-8.891528,-16.27206,-3.2190585,-17.81543,-4.421642,-10.057431,1077.2777356015445,1035.9248805292775,1935.763888888889,157.6610733980157,26.673351475222525,male
trimmed_common_voice_en_42688275.mp3,-283.85394,135.159,-8.93285,33.222538,9.800275,4.526862,-10.888494,-6.325455,-15.867813,-5.5470324,-16.591793,-6.228842,-7.0957966,1135.6029362492854,1099.342940268748,1999.751984126984,147.22166305973408,13.515050355954452,male
trimmed_common_voice_en_42688276.mp3,-284.5231,150.33661,-5.761258,15.492452,-8.865274,4.4889154,-2.8699574,-3.067207,-19.438381,-0.2666761,-17.618618,-3.1589856,-9.267745,1146.3994451463248,1055.5614212097369,1881.6964285714287,144.31106842015362,9.176818509558647,male
trimmed_common_voice_en_42688277.mp3,-277.5986,103.85293,-3.6210449,41.75488,12.19178,2.3485203,-15.720999,-6.077081,-21.217373,-1.8558116,-25.462229,-4.1255255,-10.016399,1706.7295253067027,1268.1165269996432,2822.1726190476193,143.8971392083521,11.25955744691724,male
trimmed_common_voice_en_42688278.mp3,-281.19763,146.27538,0.1609086,35.101997,-1.6339984,1.0780779,-15.8407345,-12.488105,-17.18582,-10.698463,-17.0789,-5.0404053,-12.431289,969.6378240449195,1021.528248684029,1765.873015873016,149.85670293930968,14.82619139631727,male
trimmed_common_voice_en_42688279.mp3,-256.3267,123.832825,-5.536429,22.12023,-18.613903,2.8325064,-8.94531,-9.518918,-16.362986,-3.3198977,-18.617607,-1.4107262,-14.25888,1521.337205048646,1174.7742892980189,2465.7738095238096,158.20668578935087,24.252429529626465,male
trimmed_common_voice_en_42688280.mp3,-264.94107,150.6847,-10.238944,21.195925,-2.702812,-2.3415654,-1.8341678,-16.780151,-15.201475,0.8553144,-19.767563,-2.8620925,-8.570503,1101.6084621273465,1021.459298457776,1930.0595238095239,151.75799192232432,13.953651906227403,male
trimmed_common_voice_en_42688291.mp3,-269.65222,167.15703,-18.107609,20.247004,-5.9109416,6.0881834,-3.0170894,-12.256082,-16.260406,-8.218194,-8.07341,-9.594786,-4.5958962,876.7431769896258,883.0056161057047,1550.843253968254,146.55652435473772,11.97279726925387,male
trimmed_common_voice_en_42688292.mp3,-250.07106,165.18349,-24.907492,12.147802,1.9399984,12.640878,-8.1457405,-22.825548,-12.372451,-9.070976,-13.891355,-12.552265,-4.2830706,894.820378819953,937.6625636971559,1623.015873015873,159.45903950367767,19.34495869485306,male
trimmed_common_voice_en_42688293.mp3,-243.27307,140.16348,-22.113504,23.679546,7.534274,5.431581,-10.050491,-10.907894,-18.325327,-10.016142,-8.754518,-9.090257,-11.825486,1195.4799336821877,1120.5791840355664,2116.0714285714284,152.0539809125666,17.904190235153745,male
trimmed_common_voice_en_42688294.mp3,-269.23657,117.75338,-7.757704,26.288527,11.279928,3.7488492,-17.74791,-7.1181536,-21.00339,-8.922069,-15.274984,-14.713729,-5.019059,1288.4334335237286,1224.5221213288974,2218.0059523809523,184.57381038515524,38.25666228660697,male
trimmed_common_voice_en_42688295.mp3,-275.3423,141.71243,2.4638774,26.449379,8.942685,8.272742,-5.437246,-20.379272,-16.30371,-16.094824,-13.880226,-16.506475,-12.945054,1002.9818291873368,1100.5930465194933,1934.7718253968253,150.084020156071,15.717996588671047,male
trimmed_common_voice_en_42688296.mp3,-257.3909,158.96667,-15.500683,13.9419155,-5.523292,10.46925,0.4495278,-14.869506,-11.965713,-15.276527,-13.674406,-9.249463,-6.6667905,1018.117687193899,987.1521633053429,1781.25,147.87009801592254,14.615907992899807,male
trimmed_common_voice_en_42688297.mp3,-256.82443,154.4731,-12.987162,24.628548,17.542343,4.3885546,-12.31054,-14.701074,-22.076593,-9.368396,-16.208162,-13.897167,-13.578175,918.4431834251485,1031.0580920854234,1782.986111111111,150.62514891839257,28.59999819227052,male
trimmed_common_voice_en_42688298.mp3,-275.9064,167.09962,-6.242658,15.643775,5.638136,10.882095,-3.593124,-15.998184,-18.284737,-10.039036,-13.073496,-7.5491924,-11.042037,816.9604314790005,917.4492457515887,1489.0873015873017,146.06130479816636,13.275870817220785,male
trimmed_common_voice_en_42688299.mp3,-282.5249,111.0425,5.6442976,10.231692,-11.912017,8.939075,-4.49084,-16.33575,-17.687801,-5.239599,-10.426213,-8.081892,-7.553664,1672.82776232523,1336.3331578416737,2811.7559523809523,156.59732155077828,14.170218875112782,male
trimmed_common_voice_en_42688300.mp3,-270.18423,165.44131,-1.6394789,8.916239,8.764788,6.1094027,-10.118103,-21.257277,-14.180651,-11.29902,-13.961071,-11.58013,-9.590938,855.2757581044525,956.8824655721742,1434.5238095238096,163.45091562810066,23.961434460104478,male
trimmed_common_voice_en_42688382.mp3,-282.85474,110.350655,9.75284,31.726133,-5.3716564,8.888415,-13.610685,7.664254,-14.064479,-13.884041,-9.967593,-11.436955,1.0123452,1381.6966416507007,1359.693966008123,2589.53373015873,141.25868140892814,23.827915433617736,male
trimmed_common_voice_en_42688383.mp3,-326.72354,133.27472,-8.763825,17.656408,-4.598032,5.567809,-13.857931,10.283291,-13.395235,-14.679342,-7.6478686,-7.458928,0.5112954,1169.6855684500708,1243.146106309875,2304.0674603174602,158.62270150470815,17.200150209318874,male
trimmed_common_voice_en_42688389.mp3,-343.80948,156.1736,4.5411243,12.618998,-10.2243595,-1.6509165,-4.407446,10.802583,-18.745283,-17.399166,-4.084199,-12.429451,0.75224155,874.5116460619295,1047.678992545249,1643.6011904761904,158.53437388145167,15.728010783476732,male
trimmed_common_voice_en_42688390.mp3,-269.29446,98.13253,3.193481,19.998516,-8.875863,9.791045,-14.144604,-0.41267464,-12.295484,-15.10855,-13.59059,-11.510417,-5.5630355,1646.8794069690782,1268.8761880592597,2774.3055555555557,169.79014290200067,26.74338564176471,male
trimmed_common_voice_en_42688394.mp3,-305.74692,67.19678,12.154605,47.160534,-12.924502,6.6029234,-10.309921,7.0080175,-20.148945,-11.644407,-10.7764435,-9.899969,-0.89628726,1968.2636185966426,1450.271317244787,3350.9424603174602,156.38294491791189,20.60236605715581,male
trimmed_common_voice_en_42688398.mp3,-301.3719,135.21867,3.7212718,24.010462,-5.519067,1.5340445,-9.668707,3.2079234,-11.509563,-18.552423,-9.556787,-14.284137,-5.0896187,1047.608896138793,1101.8396911108837,1869.047619047619,158.6562616290263,19.314158341772522,male
trimmed_common_voice_en_42688401.mp3,-288.66602,123.078995,5.6060376,41.93053,-0.72660875,-2.9866638,-11.257016,9.040095,-21.754059,-15.98315,-9.443195,-16.823582,-8.593963,941.3864501781263,1166.424703594915,1860.3670634920634,165.384928458926,18.34611450556533,male
trimmed_common_voice_en_42689218.mp3,-330.79135,96.53184,13.65073,50.960094,-4.394549,-4.3563523,-4.217383,-18.236364,4.636445,-2.472254,-21.248756,2.4510865,-7.127307,1638.7943682818702,1500.3489167452972,3085.565476190476,99.11983198259738,5.036229177979158,male
trimmed_common_voice_en_42689219.mp3,-372.3154,101.66636,12.055163,27.979446,-5.865766,-1.896322,-2.411911,-17.979322,-3.6526406,-1.3681644,-12.504084,-6.6080523,-3.493384,1596.199170056407,1434.2835842246552,2930.059523809524,104.60642677210728,11.39902327008235,male
trimmed_common_voice_en_42689220.mp3,-380.88144,59.80727,17.182518,25.33633,-27.812193,10.27238,0.6236163,-22.554337,-0.038766354,-4.9848166,-10.706232,-4.314357,-7.108145,2155.8970344563104,1384.4195833326135,3569.4444444444443,106.83068892934597,8.790584088145042,male
trimmed_common_voice_en_42689221.mp3,-387.24255,88.83836,7.255301,40.5887,-5.282288,-8.641064,4.093365,-14.655758,-3.748792,-8.697828,-14.161689,-3.4527633,-0.7122112,1290.935781758714,1367.2324890777634,2587.5496031746034,107.10685371821704,6.255489732044589,male
trimmed_common_voice_en_42689222.mp3,-315.7521,72.784836,6.0537386,35.635372,-10.225301,-3.9386392,-11.314165,-15.538039,4.223861,3.0878034,-16.712255,-2.1698308,0.43411085,2017.1161118709442,1549.1835042429173,3601.686507936508,109.35082440821807,9.42736118988462,male
trimmed_common_voice_en_42689847.mp3,-257.50018,93.538506,9.173649,37.280106,-9.618299,0.8290328,-5.4918723,0.20314416,-14.911414,-8.274241,-11.550793,-9.8658695,-9.244692,1653.366296831091,1344.8460701539582,2828.125,162.06092754384653,13.123204412255609,male
trimmed_common_voice_en_42689848.mp3,-296.78214,90.94178,-9.471417,47.910847,-2.8417504,-6.7832637,-7.160239,1.5474778,-13.445169,-7.8164587,-11.882892,-3.406099,-4.611176,1643.350518620666,1257.4990688270968,2763.8888888888887,154.5703203030291,15.623573986756641,male
trimmed_common_voice_en_42689849.mp3,-314.65115,125.62932,5.9731693,44.956596,-1.8282657,-6.055254,-3.0869272,-1.732506,-17.362661,-6.7741694,-9.83756,-13.319963,-3.3837395,1084.1217819959973,1141.1725382479167,1990.327380952381,157.39506565350166,12.726022807907535,male
trimmed_common_voice_en_42689855.mp3,-314.3896,126.07425,10.9067,59.514805,10.456475,-14.873285,2.6934872,3.070775,-20.968048,-9.294652,-12.932338,-10.970696,-6.23965,950.256738714799,1109.5276806838415,1708.0853174603174,150.1526632724479,13.399390947313545,male
trimmed_common_voice_en_42689860.mp3,-325.31198,136.80392,-6.030394,28.258123,0.6901467,-4.96932,-6.499992,-1.185815,-14.477784,-9.369811,-9.93943,-14.111644,-7.33212,977.8190220002159,981.0666614153362,1585.813492063492,167.04520580343052,20.91163226071857,male
trimmed_common_voice_en_42689867.mp3,-356.56488,130.41263,22.56421,15.612075,-6.7485213,1.3347495,-10.762443,-21.79523,-26.206778,-7.693485,-17.428474,-5.152131,-10.087795,1268.535243052786,946.2457956036609,2093.253968253968,103.13647337525741,4.84786432108631,male
trimmed_common_voice_en_42689868.mp3,-396.33762,62.951336,20.874659,32.227444,3.83583,-1.4438983,-36.419132,-27.459772,-16.235367,-5.7565384,-9.293111,-1.4850245,-12.565617,2086.124101833373,1237.3885571058188,3247.5198412698414,106.66752454709047,9.214820600060865,male
trimmed_common_voice_en_42689869.mp3,-305.1379,124.31343,-10.855905,48.785244,-9.286501,-4.9610405,-21.830326,-29.855474,-18.411186,-19.964518,-11.258159,-7.365594,-24.098524,1288.5750561337186,1118.4986753977255,2367.559523809524,109.32022034864308,6.9412926199670775,male
trimmed_common_voice_en_42689870.mp3,-401.76675,100.02987,6.605434,30.070883,-1.4723997,18.180828,-26.48445,-17.594158,-9.067054,-13.115844,-13.071878,-11.509528,-21.763336,1469.711733577836,1232.2807098190192,2480.15873015873,140.90657417948051,47.18049447659161,male
trimmed_common_voice_en_42689871.mp3,-365.1972,78.399055,32.43442,41.70339,-0.0011346454,0.680352,-27.709482,-23.95568,-21.293915,-8.598301,-25.887484,-9.990813,-17.209034,1872.8017842737318,1215.6452185478602,2849.4543650793653,129.41052161843655,18.574371219297113,male
trimmed_common_voice_en_42689872.mp3,-316.17807,152.394,-1.0430311,21.489723,-1.8349665,-3.7633421,-5.4669404,-5.8227415,-15.177218,-8.510519,-10.610421,-6.557647,-7.624299,929.259517375566,1021.7370319555682,1575.3968253968253,155.97728835085005,13.424299472633464,male
trimmed_common_voice_en_42689873.mp3,-310.78156,144.01465,7.419516,35.026638,-0.27544156,-6.4964104,-1.9975035,-0.57444626,-19.940496,-2.917953,-7.002858,-12.50248,-5.937716,924.4948663261574,987.6842775864402,1519.8412698412699,150.08221013096224,12.081681807804507,male
trimmed_common_voice_en_42689874.mp3,-293.98557,120.20539,8.717416,28.57215,-14.157042,-0.4456877,-9.896143,1.8349645,-15.877597,-7.646324,-9.394388,-12.951983,-4.4070983,1295.5139548811876,1095.1605150369958,2133.6805555555557,158.18084920454154,16.073831931178443,male
trimmed_common_voice_en_42689875.mp3,-363.78708,149.23273,1.3184584,14.54734,-4.7573676,-1.8526622,-6.730016,-4.801333,-10.749367,-7.3180237,-4.1566286,-8.277759,-8.708841,976.8362900101145,1106.7663415569002,1790.6746031746031,147.2645770207202,8.891037617050658,male
trimmed_common_voice_en_42689876.mp3,-279.93106,88.64555,-4.6471505,22.734219,-10.957333,-3.4524565,-12.198343,-2.3885448,-7.549559,-11.2648325,-14.14489,-6.268316,-7.8965,1808.545563657803,1289.9621064607495,2938.9880952380954,174.76718961049107,18.407809196520592,male
trimmed_common_voice_en_42689882.mp3,-312.8931,143.8783,-3.8338454,49.974297,9.970288,-12.052391,-6.2248793,6.6170225,-15.501625,-5.6518183,-8.172914,-15.958072,-2.5843613,862.9063920446686,1055.9900442391252,1592.7579365079366,151.89811527712288,11.778127858364343,male
trimmed_common_voice_en_42689883.mp3,-318.84302,146.39243,4.1160836,30.531258,6.2274804,-6.313652,-11.500431,-4.478935,-10.942764,-9.508932,-10.78971,-10.72804,-2.9037426,1052.3294334021512,1033.031842666914,1883.1845238095239,147.07994812728523,9.733473416135855,male
trimmed_common_voice_en_42689884.mp3,-299.50778,140.67567,-0.39041555,34.291428,5.7635727,-5.9380417,-4.2959356,-4.8326073,-13.56944,-8.787684,-9.492028,-10.128995,-6.6092334,959.416468660968,1065.7736707534493,1716.0218253968253,151.20096381369768,12.367920230442605,male
trimmed_common_voice_en_42689885.mp3,-266.09766,122.123116,-3.965119,26.390894,-1.6807693,-1.8933009,-7.4736967,-6.622802,-17.696634,-4.6706543,-11.287428,-8.89378,-7.35684,1444.993061479619,1145.826165966895,2411.4583333333335,155.0950896192211,12.68634184419501,male
trimmed_common_voice_en_42689886.mp3,-303.34332,99.75549,-6.215701,45.4555,-1.0469571,-6.616636,-9.168207,1.2654387,-16.897268,-1.032111,-10.016606,-6.8788023,-5.126143,1574.4798872158894,1215.797857089446,2434.027777777778,158.9575746367892,19.861599814027134,male
trimmed_common_voice_en_42689887.mp3,-347.17786,144.94939,3.9862607,29.843174,2.8832853,-8.124129,-2.1495347,-5.336736,-17.525667,-7.8534966,-13.92108,-9.938312,-7.7083707,913.8452576829684,1022.6356701743342,1664.6825396825398,151.75399323235698,10.296950533670978,male
trimmed_common_voice_en_42689888.mp3,-320.2597,118.94682,12.6707115,35.974224,-0.014886462,-3.570021,-7.6968117,-1.151276,-13.348055,-8.459171,-9.320302,-10.181077,-4.7426133,1327.128362127617,1170.8251839167808,2270.8333333333335,153.91461619111453,15.015874155638032,male
trimmed_common_voice_en_42689889.mp3,-291.99634,128.37057,5.9797287,51.581932,5.8576126,-8.122607,-3.3569386,-3.5180192,-22.53244,-6.455786,-11.588635,-9.752686,-4.5126414,1055.1089453324944,1063.7535186981784,1947.9166666666667,151.6372989051239,11.524897184159625,male
trimmed_common_voice_en_42689890.mp3,-301.91275,103.59568,0.8201364,48.298237,-0.19313073,-6.0986767,-4.177342,-0.37999454,-16.919628,-9.560644,-12.593901,-8.2978735,-8.472393,1437.7414922996795,1301.7290315745415,2617.063492063492,154.45922871882274,17.78861628773404,male
trimmed_common_voice_en_42689896.mp3,-321.41965,124.50476,-2.950478,36.814617,1.0682026,-6.0470963,-23.834389,-1.3732293,-5.934551,-7.9054565,-16.877106,-10.356162,-4.6022506,1245.365159627789,1152.2977754585418,2197.1726190476193,154.5379331286524,11.304090213414126,male
trimmed_common_voice_en_42689897.mp3,-302.48358,111.65662,9.390172,33.771545,-5.519768,-3.666856,-16.776705,-14.474045,-3.5876634,-3.7592142,-19.038752,-12.339224,-13.187119,1546.7326308834072,1211.4433882182636,2547.8670634920636,162.09492205978637,20.822334876713565,male
trimmed_common_voice_en_42689898.mp3,-289.22617,108.7273,25.506214,35.27612,-17.45106,-6.126444,0.9371995,-10.32441,-15.878138,-0.75434536,-19.977564,-14.711455,-6.995155,1466.6629716875075,1179.1535642286067,2345.7341269841268,162.00369445167496,20.641217541545263,male
trimmed_common_voice_en_42689899.mp3,-301.8511,104.88047,0.66017264,58.16264,10.768661,-17.608059,-15.904611,-4.7913127,-18.634975,-1.737825,-18.850975,-22.494856,-2.4104984,1324.6124186163697,1255.787821323188,2403.5218253968255,173.74517969594112,19.548120785586214,male
trimmed_common_voice_en_42689904.mp3,-319.4071,114.74961,5.8455544,35.4336,-4.067119,-2.5435612,-3.105489,1.47141,-10.665146,-13.719258,-17.372177,-7.3158784,-3.9067552,1444.8297559312707,1255.95751899909,2462.7976190476193,160.45166826024362,23.712991247787784,male
trimmed_common_voice_en_42689906.mp3,-333.47083,159.4596,7.304545,18.083626,-4.36554,-7.419114,-6.5301356,0.24202567,-10.368101,-10.022621,-12.97208,-10.277293,-8.111664,899.5780553523599,963.1539030866766,1536.954365079365,159.5935228527098,18.26742843857004,male
trimmed_common_voice_en_42689907.mp3,-317.61627,121.01075,1.1323625,38.53996,0.73103553,-4.5601206,-6.6043267,3.1530268,-10.371945,-14.159488,-13.345163,-10.733562,-3.7295988,1205.5574439487627,1147.2420603578157,2038.6904761904761,158.48878989248468,13.878664777009263,male
trimmed_common_voice_en_42689908.mp3,-324.15247,99.750084,3.7358203,38.38519,-8.616313,-0.7699733,-5.595817,3.7245777,-16.65238,-11.858216,-14.796312,-8.318199,-4.8687134,1582.618430512681,1377.7285712187143,2712.5496031746034,155.2906018579672,10.785772287722336,male
trimmed_common_voice_en_42689909.mp3,-288.03763,108.676765,12.237382,39.16602,-7.2746196,-8.6855545,-12.077673,6.612767,-16.892,-12.16179,-15.146089,-14.187494,-4.8407283,1453.0273353869654,1205.1198914662173,2417.410714285714,162.02587766088968,16.540549526428876,male
trimmed_common_voice_en_42689910.mp3,-352.30554,120.4531,19.589014,36.489628,-5.0503173,-11.720395,-6.39826,-0.6779198,-17.32179,-8.715338,-10.387624,-16.82589,-6.8872347,1056.3300006659956,1254.61207869289,2084.0773809523807,167.9107961719796,24.005692454871536,male
trimmed_common_voice_en_42689911.mp3,-322.21982,110.8351,33.52452,20.370668,-13.663565,-7.001401,-11.996207,0.540018,-15.154372,-8.222009,-9.060586,-12.602005,-3.4060078,1572.1566815944661,1227.4391346585294,2587.0535714285716,153.81228143692346,39.14638554327222,male
trimmed_common_voice_en_42689912.mp3,-301.9065,113.56023,-3.5011833,33.722927,4.073543,0.4199561,-8.366631,-0.25913128,-14.81985,-9.368591,-12.600418,-6.6028037,-7.084191,1412.9658868321917,1280.7266072653445,2481.8948412698414,152.7664881096809,11.380429235168886,male
trimmed_common_voice_en_42689915.mp3,-286.539,124.29904,-1.8593676,34.509476,-12.699537,-5.9596667,-17.893326,0.57730246,-11.559319,-10.559985,-10.104403,-14.969993,-4.6252966,1233.3970141108514,1168.872325881952,2172.8670634920636,165.98130686384374,14.537897040141901,male
trimmed_common_voice_en_42689942.mp3,-248.11964,119.368324,-0.7857021,26.7847,-9.763929,-1.3635075,-9.986489,-6.0852313,-15.648503,-1.846383,-20.932371,-3.113892,-6.3032317,1459.772674692414,1212.295405925272,2412.9464285714284,145.1453578749184,11.783463676482038,male
trimmed_common_voice_en_42689943.mp3,-280.4923,107.57427,-8.516049,15.542908,-3.7153647,1.7027419,-21.03576,-7.298679,-7.902388,-6.5590343,-7.159625,-5.8563123,-9.970506,1641.1450628389427,1292.321225504491,2796.875,161.81701289405964,20.474480985625714,male
trimmed_common_voice_en_42689944.mp3,-268.22427,116.22923,-10.836339,30.159515,5.1461897,6.5637193,-15.222447,1.9369094,-8.815774,-1.2803309,-9.881569,-3.272142,-7.532197,1397.819325030663,1328.7054267839467,2615.3273809523807,148.98951069185262,10.241251349270161,male
trimmed_common_voice_en_42689945.mp3,-291.89172,90.15685,4.2682476,32.966618,15.267329,-0.56594193,-24.486055,-2.84777,-10.932758,-6.799884,-11.147239,-6.94134,-5.1630464,1671.602497113979,1309.4463282904699,2786.4583333333335,161.19490330364658,17.723321766571534,male
trimmed_common_voice_en_42689946.mp3,-289.84805,139.91087,-16.64717,17.049248,5.952365,-8.044646,-21.861134,-9.332806,-12.710421,-8.70258,-13.74446,-6.199316,-9.369606,1197.6948915218686,1135.5521453991644,2210.0694444444443,166.0906687525681,21.680581847791434,male
trimmed_common_voice_en_42689950.mp3,-243.56339,113.79615,-17.766546,28.230406,-1.2012916,8.936026,-10.664718,-3.6365566,-16.986683,2.0689392,-9.863932,-0.46773878,-0.29162145,1542.5754206324302,1321.5694024897975,2838.5416666666665,145.7145444580383,8.570382213309786,male
trimmed_common_voice_en_42689953.mp3,-268.67792,155.12982,2.6020916,13.170716,-4.6510787,-4.621715,-6.0149045,-9.975344,-15.836169,-0.60552776,-7.874589,-0.06081107,-3.4709964,967.0616727530723,1067.001762553266,1631.4484126984128,153.83816089601777,16.84069163512698,male
trimmed_common_voice_en_42689954.mp3,-245.10835,111.50231,1.2596331,47.211403,16.080307,2.7020876,-13.378137,4.3075914,-11.018059,1.113873,-11.09104,-8.541185,-7.0620847,1235.8008312865604,1296.484763379192,2376.4880952380954,146.720901638393,10.595280075184261,male
trimmed_common_voice_en_42690454.mp3,-382.49738,116.93595,18.76123,35.596294,28.342037,-16.278242,-26.293913,-13.227425,2.7784889,-3.4674227,-3.7567577,-1.242009,-13.947087,1420.9088982831822,1400.4723889826903,2374.0079365079364,117.95215972946157,9.841730227126583,male
trimmed_common_voice_en_42690456.mp3,-331.61264,123.72562,26.0011,30.875832,7.544991,-11.395274,-11.510434,-15.0115595,-4.4368706,-4.310136,-10.698668,1.7331542,-12.253576,1376.382498253901,1334.8796336608966,2422.123015873016,107.34861892060528,7.5737841831104005,male
trimmed_common_voice_en_42690457.mp3,-264.96826,112.61723,18.305342,49.260006,12.996312,-8.052417,-23.503399,-20.427317,5.103593,-8.025825,0.06347272,8.176884,-11.790763,1430.5845861171451,1337.131439343025,2487.3511904761904,103.47046450558624,1.944639209256647,male
trimmed_common_voice_en_42690458.mp3,-298.39706,136.22249,27.541862,53.113346,18.554268,-18.49626,-17.78378,-11.400297,-4.2141705,-17.241648,-1.9675351,12.265606,-20.247364,1042.0571123241152,1259.1109689200161,1906.25,110.0188696905601,8.761009533985996,male
trimmed_common_voice_en_42690460.mp3,-301.8413,118.55055,26.584478,49.65372,4.8177476,-17.9056,-14.374256,-10.513807,-1.3319063,-14.847972,1.2529683,2.320337,-13.624322,1441.8966313510582,1472.4218900027884,2775.0496031746034,106.69149573963067,12.56593438590417,male
trimmed_common_voice_en_42691099.mp3,-278.10577,119.691666,0.34406433,21.48894,-7.7951193,2.0760665,-0.49968427,-24.402178,2.347806,8.279541,-10.922404,-3.8031228,-5.4329658,1655.1182399835513,1381.9001609647946,3012.152777777778,108.94321360020878,11.261632078043,male
trimmed_common_voice_en_42691100.mp3,-358.54108,106.48955,6.925202,22.37476,-11.617579,-5.793743,16.3264,-5.7918696,-6.8758774,13.270305,-10.339643,-6.745143,0.983603,1533.432592547261,1492.1881456615065,3082.8373015873017,121.36563689969091,20.779245857279324,male
trimmed_common_voice_en_42691101.mp3,-322.69275,82.254074,-1.4171565,43.77457,-7.8780994,-8.075571,5.348982,-6.653787,-6.9963446,9.570554,-19.474455,2.9385643,-0.9340462,1880.4738153161445,1494.5247460537032,3424.8511904761904,110.02008128782208,10.313345729051145,male
trimmed_common_voice_en_42691102.mp3,-320.69916,99.471695,6.3472204,24.16501,6.4243865,-3.853334,4.9910545,-14.69545,3.3205774,5.8199596,-19.05265,2.2940018,-6.403268,1812.674391717303,1544.7845976256458,3290.4265873015875,106.37198363803934,10.4693531552648,male
trimmed_common_voice_en_42691103.mp3,-403.19354,85.73186,9.991509,6.2230873,3.7549157,3.3847718,-6.152839,-7.195095,1.7934127,5.53902,-12.504816,-3.949694,-4.824615,2094.58051420669,1612.2775419040167,3783.7301587301586,106.11936412789349,4.392142343271906,male
trimmed_common_voice_en_42691337.mp3,-474.814,100.33746,15.445081,22.690187,13.474109,-2.8597012,-9.164395,-14.363037,-1.2330889,-2.788559,-12.371576,-3.09211,1.2360635,1947.3162516349578,1380.6536707716193,3356.3988095238096,98.70320950841152,12.662091550157934,male
trimmed_common_voice_en_42691338.mp3,-328.78986,153.28624,-17.348377,49.770977,11.739788,-15.742135,-16.969282,-39.213722,-1.331062,-6.909156,-19.279898,2.7160838,-6.387922,1022.4198247940071,1017.9456937679441,2042.1626984126983,102.31088625698926,7.465490298774977,male
trimmed_common_voice_en_42691339.mp3,-287.41437,70.47258,46.219128,55.766117,10.487236,-1.5624158,-28.58224,-23.786106,-6.180885,-16.758156,-15.521248,5.6705813,-9.511623,2057.8751187382513,1686.9657723744072,3761.160714285714,105.9297571083603,16.130068870572753,male
trimmed_common_voice_en_42691340.mp3,-257.51633,127.63764,-9.305792,51.121483,8.983073,1.2173091,-10.716585,-30.018183,-1.5570326,-16.147284,-9.281005,14.696264,-9.088106,1503.7626673596349,1282.0543702935624,2731.6468253968255,101.79143062294656,10.115545865617236,male
trimmed_common_voice_en_42691341.mp3,-264.14966,141.4088,-0.1146704,49.338707,5.512202,2.2359586,-5.846649,-27.69138,-9.13151,-14.490954,-2.6113155,11.387405,-12.241307,1247.4683397775389,1199.9536059338666,2313.2440476190477,99.49388432512313,11.272536003751103,male
trimmed_common_voice_en_42691342.mp3,-263.41824,103.19177,0.8781148,52.686356,-0.7732608,-5.34759,-9.8796015,-32.231453,-4.4510193,-11.109671,-6.775422,11.125781,-9.238047,1885.7304802669248,1345.0106528109259,3276.0416666666665,99.74602205643383,12.169256691184687,male
trimmed_common_voice_en_42691343.mp3,-311.02573,141.36862,-13.582571,39.813927,4.9532223,-1.990772,-5.004941,-30.21388,-13.46369,-11.291587,-3.4001143,15.368811,-10.747805,1231.5987046090936,1191.7245989626558,2301.5873015873017,92.5972771527174,5.675609243583117,male
trimmed_common_voice_en_42691344.mp3,-292.90125,152.94348,-27.75445,71.23981,22.034212,-6.1254077,-13.537031,-35.05109,-8.751136,-14.705953,-1.1021827,9.710826,-12.918991,1090.1889793772937,1077.2122070895373,2156.25,97.40178107245805,7.338071059522827,male
trimmed_common_voice_en_42691345.mp3,-275.67685,155.25357,-35.28264,56.631542,17.785149,-11.175128,-6.754315,-33.929382,-11.600664,-11.95652,-2.6662269,11.069824,-11.436285,1037.8882967909033,1001.3355758449663,2003.4722222222222,100.97352247537468,8.185577133019777,male
trimmed_common_voice_en_42691346.mp3,-260.62405,120.45811,-2.0925884,47.08465,1.507847,1.7040277,-7.3404093,-32.39415,-16.089592,-12.32765,6.923335,12.5688925,-14.855587,1513.105066228318,1271.0655523610385,2692.2123015873017,99.04432776903418,7.759546502237953,male
trimmed_common_voice_en_42691347.mp3,-273.39404,105.6239,-14.303402,62.86479,5.9892516,-10.512676,-16.80429,-31.64061,-5.285277,-10.609384,-0.80772233,10.1960745,-6.5202904,1714.8437779824726,1381.9185124615015,3165.9226190476193,92.27441347213065,10.966881518314477,male
trimmed_common_voice_en_42691348.mp3,-351.79114,140.65588,-4.516494,43.322243,1.6270463,-7.3258276,1.5478995,-27.871292,-15.172811,-8.369348,2.246884,6.331487,-11.077995,1221.1469694851382,1184.505328263252,2258.6805555555557,93.83932745305329,11.5436210057228,male
trimmed_common_voice_en_42691349.mp3,-306.34424,113.274185,-6.0307026,62.67004,7.3394356,-12.50539,-5.6204596,-27.636028,-10.430371,-7.6170263,1.1989677,7.0481334,-12.599946,1495.8684625831036,1301.6369908768468,2804.315476190476,93.4467116339678,4.500250466943736,male
trimmed_common_voice_en_42691350.mp3,-287.85922,128.79146,-3.8890545,54.4941,6.941457,-6.6355033,-5.2448974,-28.888811,-6.7360115,-9.659546,-1.2920176,7.7798257,-9.309807,1365.4156154767638,1307.0267499108165,2657.7380952380954,96.43241225806483,8.98365812200422,male
trimmed_common_voice_en_42691351.mp3,-272.6514,83.3144,1.7456368,66.92585,14.471437,-6.868019,-8.264485,-28.735418,-14.469679,-8.487794,-1.0920218,6.6157584,-8.865068,1895.8335109334964,1528.131150912845,3495.2876984126983,100.54868107772589,4.792949061881613,male
trimmed_common_voice_en_42691352.mp3,-286.66772,148.77155,0.15146038,38.572094,-5.0941424,-11.079712,4.98433,-31.425198,-18.071426,-11.7633915,-2.1879125,10.0868635,-8.886012,1184.6289054097037,1118.2092002556642,2205.1091269841268,99.59223174711627,11.556584545340396,male
trimmed_common_voice_en_42691353.mp3,-258.30222,118.182594,-19.168642,69.099754,8.613098,-10.49192,-10.614235,-37.204544,-9.224141,-10.02667,6.284124,12.371133,-13.726153,1703.637864831711,1315.2855801259932,3116.3194444444443,99.07979965552443,6.631821681795607,male
trimmed_common_voice_en_42691354.mp3,-312.58347,169.27228,6.4923773,41.383953,16.047548,-6.386025,-20.862616,-40.741158,-7.549617,-14.574381,-13.305524,5.9966507,-7.0002217,756.3594219209399,903.3867677086347,1463.045634920635,98.69633300778881,10.609373541125027,male
trimmed_common_voice_en_42691355.mp3,-273.04156,149.50996,-3.8912876,58.341274,2.10838,-12.562531,-3.4646182,-29.841934,-6.6721663,-8.643546,-1.2559607,7.5725746,-12.040771,1051.9836936365907,1155.5415235321025,2047.123015873016,94.46328202708118,4.791459908108557,male
trimmed_common_voice_en_42691356.mp3,-288.29285,172.8601,-18.579185,40.405716,9.284177,-2.4123101,-4.8499637,-34.294373,-12.6461315,-9.728387,-1.164045,11.156076,-9.71875,895.5295847053166,934.8694071559069,1620.0396825396826,97.34390298664768,8.412484261494415,male
trimmed_common_voice_en_42691357.mp3,-285.67587,117.267395,-16.128368,74.967766,24.11933,-7.911854,-11.739084,-35.383297,-6.7466226,-11.988548,-0.38146964,14.283146,-10.082594,1440.0248387333718,1281.8302223027154,2779.7619047619046,106.15271651968864,15.0912939784024,male
trimmed_common_voice_en_42691358.mp3,-335.3289,115.67767,-0.17482007,35.333424,8.56139,0.62657374,-10.853185,-20.352398,-7.0507326,-8.94734,1.7473856,5.9518566,-5.941276,1569.5470800845765,1223.2752552638915,2804.563492063492,92.67484330084878,8.284464951502558,male
trimmed_common_voice_en_42691359.mp3,-387.81516,117.12062,-18.841385,21.996777,4.9334393,-5.994002,-3.8078063,-23.882689,-7.762692,-1.9669123,1.6087213,8.6361,-4.3984356,1532.9889474658487,1317.746591552173,2785.46626984127,99.73374884527684,2.11657634715693,male
trimmed_common_voice_en_42691360.mp3,-254.84128,127.672485,-33.022507,57.17795,7.7207723,-12.545755,-8.752651,-36.704628,-6.8610744,-8.169626,1.0548383,15.045286,-7.6044383,1526.8915761976775,1311.0779549627855,2866.0714285714284,95.5810000574214,6.055452985712456,male
trimmed_common_voice_en_42691361.mp3,-227.12086,132.9552,-16.030043,38.207,3.22435,-1.2765278,1.3312584,-32.33807,-10.209574,-7.719246,-1.5159206,11.660607,-10.770774,1593.9838491462451,1250.4902123930449,2840.5257936507937,93.68771922691751,9.599761778130718,male
trimmed_common_voice_en_42691362.mp3,-263.76062,121.49932,-13.666572,38.38287,12.012838,-3.2047684,-15.818234,-31.390306,-10.593046,-5.7942295,0.17108722,11.105792,-8.425851,1707.3592388163045,1200.8177764726515,2913.1944444444443,93.78289116730151,10.137561504918935,male
trimmed_common_voice_en_42691363.mp3,-262.81067,163.20847,-22.42785,32.285786,12.171576,2.8129408,-8.1560545,-36.574673,-11.30094,-11.064312,1.1210816,11.441894,-9.727168,1031.5084367004595,1055.876006098214,1982.638888888889,97.90267648649944,7.919750113811413,male
trimmed_common_voice_en_42691364.mp3,-323.51154,145.98521,0.083588734,31.912937,4.0879545,-4.7370358,-10.25986,-30.431372,-14.671584,-6.9197435,5.3458123,8.798651,-13.723869,1036.9522789181935,1049.7821841392097,1865.327380952381,91.91559367654239,6.241737403182558,male
trimmed_common_voice_en_42691365.mp3,-271.75146,131.59962,18.702229,62.32155,-10.25226,-8.511063,-11.591196,-35.496155,-9.272415,-11.952031,-7.48235,4.5148683,-9.99218,1368.4310930511722,1154.624756022481,2312.748015873016,96.26143655462039,9.385339657644165,male
trimmed_common_voice_en_42691366.mp3,-302.62222,117.02422,10.055074,45.26967,-11.246753,-12.398637,-0.71553695,-26.996593,-13.986568,-8.095135,-2.0566092,8.204221,-9.890561,1455.125194369059,1193.465296536286,2572.6686507936506,93.17404770137735,7.221919152924909,male
trimmed_common_voice_en_42691367.mp3,-344.84988,130.39572,-7.644651,36.080994,0.913163,-4.2389126,-4.5726013,-26.027353,-9.450297,-8.612895,3.5368207,7.4809623,-12.465776,1462.2040374938563,1288.1584641073073,2751.7361111111113,96.90654570360157,8.958947230041451,male
trimmed_common_voice_en_42691368.mp3,-260.29752,137.72647,-12.226957,44.31763,-1.2633109,-3.119644,-6.6676984,-39.917904,-19.07303,-8.851614,1.5423245,12.20644,-10.634618,1424.419859530292,1127.7770001441245,2509.9206349206347,92.23924446857279,3.900400467653877,male
trimmed_common_voice_en_42691369.mp3,-318.85043,116.39301,12.53967,48.51188,-5.5750093,-8.173713,-3.3932607,-26.334608,-9.596051,-10.915487,-3.262984,7.8652244,-9.966279,1349.3881826917573,1344.3760532029637,2665.6746031746034,97.24433870605598,11.65059373026844,male
trimmed_common_voice_en_42691370.mp3,-320.1517,112.06599,6.721123,60.13569,6.6798115,-0.53974676,-11.573399,-37.537605,-12.157635,-7.56893,1.9846895,7.2478004,-12.118844,1481.4340346896308,1408.0356371515193,2916.9146825396824,96.95143284120198,10.48502716521734,male
trimmed_common_voice_en_42691371.mp3,-265.35938,148.12892,5.767271,50.2553,1.0768219,-12.527904,-12.106675,-31.240736,-9.515408,-10.1120825,-8.597966,6.955087,-10.312613,1046.8887458472823,1123.7580226780253,1967.7579365079366,92.86680790691459,6.714410650183397,male
trimmed_common_voice_en_42691372.mp3,-239.48386,112.82051,-1.878518,69.9637,1.0721799,-12.658625,-12.188878,-29.4645,-5.3720326,-11.518237,-11.056982,7.154406,-9.134792,1667.997482920702,1319.4759507978395,3014.8809523809523,94.32723954634017,6.508304954171318,male
trimmed_common_voice_en_42691373.mp3,-292.95178,124.0803,0.25141418,43.747574,-20.231846,-14.222,-6.0933332,-29.95678,-9.59484,-7.418904,-8.60617,9.156175,-9.766764,1503.578021751489,1299.1773848932344,2706.1011904761904,90.81085735718162,10.396639056055369,male
trimmed_common_voice_en_42691374.mp3,-307.14722,160.79768,9.989371,22.882425,-6.3754697,-7.8934216,-8.107965,-27.116686,-9.931479,-14.847986,-8.257327,5.7924314,-4.9786124,1100.8648791030062,1077.8460823547841,2044.890873015873,99.85977971467679,8.641807121243621,male
trimmed_common_voice_en_42691375.mp3,-312.7255,119.4833,22.951036,44.684402,-6.8238025,-14.237131,-9.723056,-32.349083,-14.967445,-5.4141803,-6.91769,5.539078,-7.493833,1589.1967657409423,1352.915475611142,2803.5714285714284,91.71777298531353,1.7665509496832885,male
trimmed_common_voice_en_42691376.mp3,-285.45386,113.184395,12.22097,57.393383,-10.957562,-13.563365,-10.199259,-33.38119,-10.352199,-7.0935006,-10.1102915,10.032843,-11.209014,1664.3557831751755,1344.687594467829,2983.878968253968,98.02557939199612,13.098215350556586,male
trimmed_common_voice_en_42691377.mp3,-311.628,87.03935,-7.912377,55.109573,1.4275868,-12.806013,-9.399424,-25.450224,-8.758298,-2.8811276,-1.8341419,7.6700144,-8.569024,2041.5999521030951,1646.422659435824,3925.595238095238,94.5928360500308,7.675673361561649,male
trimmed_common_voice_en_42691378.mp3,-278.45792,126.68701,-0.014997671,54.415924,2.352993,-13.455518,-6.2236185,-28.338654,-13.285424,-5.418955,-4.9896407,6.995759,-7.198601,1411.335903841262,1135.5607613110897,2387.4007936507937,94.44141877212688,9.267200460251635,male
trimmed_common_voice_en_42691379.mp3,-356.44003,146.80232,6.2457485,34.89646,-14.715315,-16.173365,3.5471053,-19.391119,-5.1372943,-6.8115606,-6.7688355,7.9007206,-6.1456566,1123.7728893934059,1097.8911610889243,2109.375,95.95999610607245,5.470033895779667,male
trimmed_common_voice_en_42691380.mp3,-330.07574,133.78362,0.58659,63.88849,2.1486738,-16.402485,-10.277197,-27.238682,-5.7536407,-7.413111,-5.357335,7.9692984,-9.4789505,1077.1013095941921,1212.2404515070843,2185.5158730158732,90.65652756516533,4.678127104367207,male
trimmed_common_voice_en_42691381.mp3,-335.80908,133.03339,11.616178,53.076523,-0.30337694,-10.495637,-10.387979,-24.577822,-7.951586,-11.808463,-1.2569042,7.422463,-8.939006,1194.5124794058484,1065.2067064192543,2063.2440476190477,95.64105705009193,5.719928672585582,male
trimmed_common_voice_en_42691382.mp3,-279.28265,103.26922,3.830665,70.09099,14.109157,-7.443918,-15.979663,-39.54453,-16.776646,-6.0525503,-5.379396,7.186921,-12.860388,1597.9524256150319,1403.3538892781912,3015.128968253968,96.84355355346273,6.925089609802139,male
trimmed_common_voice_en_42691383.mp3,-286.13022,128.488,0.018754285,85.534256,-2.565655,-11.614488,-5.784438,-35.665142,-10.890945,-10.618653,-4.421615,9.25744,-13.590919,1207.6031313550902,1258.9751894698131,2508.184523809524,99.00467237777704,8.949614856779167,male
trimmed_common_voice_en_42691384.mp3,-268.4408,95.042915,-2.0286434,68.163315,5.801576,-8.201478,-10.729677,-38.796234,-17.151445,0.7857065,-5.8077602,12.264653,-9.211094,1722.1526931260437,1451.8935510960723,3290.1785714285716,99.15526010506397,1.8812253999944932,male
trimmed_common_voice_en_42691385.mp3,-325.13147,144.82921,5.6248465,45.24007,-14.17077,-20.392748,-10.683742,-28.676966,-6.6398053,0.7032162,-3.456495,11.160338,-8.987702,1223.5076619864778,1180.702559910154,2272.8174603174602,98.74494702936967,3.3377877558513966,male
trimmed_common_voice_en_42691386.mp3,-231.88168,128.61691,4.2772484,40.637096,-33.510067,-8.65442,6.024636,-31.174105,-11.778451,-7.261338,-1.5846597,12.199159,-14.218866,1645.4610035301675,1253.3403310013284,2822.6686507936506,97.85540800234426,6.735349425146204,male
trimmed_common_voice_en_42691387.mp3,-324.49036,122.27325,-7.3991146,41.225094,-6.9803886,-11.489547,-4.9923673,-25.956224,-7.4880714,-4.38577,1.16315,12.509376,-10.213128,1526.124645642602,1406.3795561785569,3014.8809523809523,101.77320589867674,8.746177641194544,male
trimmed_common_voice_en_42691388.mp3,-314.18063,174.8013,8.558693,28.638372,-19.042841,-12.645633,0.5620113,-29.881021,-13.317702,-4.165339,-1.0468434,9.283873,-9.505779,874.9887810479364,949.3851033372723,1643.6011904761904,93.84051955195667,2.8793433806217945,male
trimmed_common_voice_en_42691389.mp3,-266.62372,132.18541,5.6823506,60.226215,-9.687655,-11.614829,-1.2299348,-36.49435,-14.414439,-5.7175655,1.4682497,14.051431,-13.289901,1390.5224610655005,1217.9004217282543,2581.3492063492063,94.87810902634014,9.830592127204758,male
trimmed_common_voice_en_42691390.mp3,-313.73993,150.55064,4.152578,58.782944,-4.790034,-19.433739,-9.53591,-36.439877,-11.810449,-10.864058,-12.81094,10.065552,-6.8980665,966.3343017003579,991.2197064667794,1738.095238095238,94.3793843759455,4.875590449379047,male
trimmed_common_voice_en_42691391.mp3,-289.99042,125.085304,7.6867046,67.74376,-5.817465,-12.571724,-6.3659987,-33.968082,-14.086006,-6.4442616,-0.59505147,5.2972436,-12.880289,1330.8840235457667,1199.8672460667356,2402.529761904762,102.22509489541729,10.101847583773969,male
trimmed_common_voice_en_42691392.mp3,-353.4021,80.2449,19.340166,36.935726,-10.299928,1.1764909,-8.564432,-22.814804,-11.845514,-6.692897,5.6751304,12.499579,-8.276248,2066.7195126018255,1631.6604349127522,3728.6706349206347,106.67741903997808,7.25103385792422,male
trimmed_common_voice_en_42691393.mp3,-330.18054,121.83307,0.36642733,37.39337,-2.1041899,-9.440079,-13.192398,-29.30791,-7.652521,-4.9571266,-1.7801571,11.4677105,-6.832408,1410.141311085786,1347.929296560931,2711.309523809524,92.60578595806794,3.146323598055527,male
trimmed_common_voice_en_42691394.mp3,-253.08237,151.85487,-8.632787,56.2324,5.066575,-9.263039,-8.618239,-35.094402,-10.591745,-7.358224,-0.6299908,9.436414,-12.61904,1049.6883797189705,1111.1284755595684,2047.123015873016,98.33951764275336,8.865665380885586,male
trimmed_common_voice_en_42691395.mp3,-362.65598,137.58441,15.939523,18.02863,-24.93116,-18.074928,-4.8816743,-23.437218,-8.556882,-7.285412,-2.8422494,8.785114,-6.0328245,1081.2174386212664,1154.5754512653791,1959.077380952381,527.923769424914,18.74722619248679,male
trimmed_common_voice_en_42691703.mp3,-341.54214,107.04565,8.923455,44.309704,-1.0177662,-11.61559,-5.2156553,-17.981417,-6.2711253,-12.23114,-8.202156,6.027827,-11.719065,1590.351934498005,1372.1132462904357,2980.406746031746,101.81609822383382,8.085204602312992,male
trimmed_common_voice_en_42691704.mp3,-308.40726,103.16969,5.7060943,61.721737,0.8750939,-1.3979573,-5.3708525,-27.003925,-2.7656748,-11.532927,-4.8837576,9.014402,-12.172978,1809.2433485662652,1309.9471509715547,3147.0734126984125,98.50873563111058,8.282438474216262,male
trimmed_common_voice_en_42691705.mp3,-266.8928,114.99687,-10.538779,57.500046,8.858501,-5.3591,-11.128128,-28.529905,-2.301552,-8.949508,-4.280026,12.505965,-12.832171,1640.997635911241,1310.4007239562454,2937.5,95.54389754658256,1.74169238058852,male
trimmed_common_voice_en_42691706.mp3,-411.3573,99.28621,-2.6897342,32.37426,7.6590285,-5.1110744,-3.7590134,-14.741167,-6.702232,-5.1757555,-1.8886716,3.8279517,-8.655165,1860.0525822553614,1428.7238270807834,3365.0793650793653,93.33960066281652,18.66209024885581,male
trimmed_common_voice_en_42691707.mp3,-258.4832,133.81169,-13.359052,60.473816,8.912002,-4.4606733,-2.2841265,-24.274035,-7.66562,-14.149579,-4.516785,11.063842,-14.568532,1291.1035508649334,1175.8509915352686,2385.4166666666665,102.08197963447863,14.729813379391937,male
trimmed_common_voice_en_42691986.mp3,-507.48615,118.54287,37.38803,9.366751,-5.640632,2.5559852,-26.281569,-11.409474,-2.8727727,-7.6301923,-11.106223,-6.115458,-3.2582028,1533.8711878259198,878.2559728217223,2327.876984126984,,,male
trimmed_common_voice_en_42691987.mp3,-565.2799,65.105446,17.492548,-2.8404555,-11.296138,-3.077302,-2.7637537,-6.027788,-14.603512,-10.732814,-5.3921227,-1.0313249,-4.0885353,1595.323742599981,1272.6555246371574,2847.470238095238,521.3503241537558,579.425585981696,male
trimmed_common_voice_en_42691988.mp3,-391.8384,113.95626,-9.334452,20.031624,3.0197551,-20.857588,-25.116423,-5.812242,-14.493859,-8.815907,-4.299829,-3.9921978,-12.274625,1272.304772410642,1178.324732203268,2504.7123015873017,168.42947525970615,118.93892818098999,male
trimmed_common_voice_en_42693157.mp3,-294.20865,123.49379,39.47887,18.206665,10.24165,-4.904012,-4.406632,9.792327,-11.734821,-1.5764174,-17.95958,-1.738653,-4.7661557,1295.4216762232875,1138.574984171306,1830.8531746031747,145.16906700602974,10.733236142808476,male
trimmed_common_voice_en_42693163.mp3,-319.3725,130.09985,-5.5359054,47.971733,5.0649533,-12.557018,-9.868485,7.461428,-6.795437,-0.055087313,-13.2943945,-9.124216,-1.1999319,1241.0846651449203,1034.4134809163438,2051.8353174603176,154.319556868028,11.64486804706804,male
trimmed_common_voice_en_42693164.mp3,-306.35056,140.91692,-2.548136,41.429443,3.0252352,-5.881827,-8.49383,8.808491,-6.99152,-2.4261327,-11.617671,-10.240406,-4.3901453,1192.4508139487764,1034.3345833536293,1954.1170634920634,122.3905973148018,40.86633758771468,male
trimmed_common_voice_en_42693175.mp3,-300.01828,142.25415,-10.143396,51.077976,14.288299,-5.5621076,-4.400094,2.424715,-0.27120367,-1.9705899,-9.146313,-7.494834,-3.6654725,1047.365229153726,972.0117063641786,1692.9563492063492,152.36589287921873,10.083341792077656,male
trimmed_common_voice_en_42693176.mp3,-349.12994,158.80122,7.307961,41.290047,1.1200486,-14.836951,5.16741,4.259629,-9.968599,-2.3029532,-9.45143,-9.806674,-0.46035808,797.8362379667325,973.072954025512,1494.047619047619,147.94996916935597,24.751950548656442,male
trimmed_common_voice_en_42693181.mp3,-334.70334,110.721725,-0.7053977,37.470886,9.636408,-4.3761954,-18.101303,12.1127825,-7.3449545,-8.555189,-7.3151355,-10.229815,-0.33352658,1287.360160967185,1316.3411038371075,2490.8234126984125,148.5530249915233,11.039205258875032,male
trimmed_common_voice_en_42693182.mp3,-314.78113,86.38688,-9.694926,52.616447,3.0503094,4.1006374,-13.510762,8.074042,-7.692982,-4.489594,-10.854491,-7.7650476,-4.4730043,1553.6369146145619,1304.7383803909877,2659.970238095238,149.55420987123472,10.938998646916566,male
trimmed_common_voice_en_42693188.mp3,-361.28128,92.076355,-1.3025893,27.411638,-9.729681,4.229443,-11.102526,1.9382777,-1.7641456,-0.23812665,-10.385233,-6.6227202,-5.375967,1777.5977656262576,1418.0143858329893,3112.3511904761904,147.5319175559393,12.452707932131169,male
trimmed_common_voice_en_42693194.mp3,-279.77518,131.16267,0.8995525,33.17035,-8.8333645,-4.3695107,-14.183559,0.25064078,-7.588887,-6.75561,-12.617236,-9.216778,-9.844422,1186.3334953030305,992.33089435639,1946.9246031746031,145.91718382835504,27.044685288853636,male
trimmed_common_voice_en_42693200.mp3,-371.04062,118.6338,2.1226172,40.62645,17.52625,2.586565,-15.87909,3.4610915,-4.9357505,-5.113143,-11.642749,-8.685239,-2.577786,1201.1229755910085,1240.3688158744637,2263.6408730158732,136.12078526905105,33.87538421504928,male
trimmed_common_voice_en_42693206.mp3,-318.9395,104.021835,-5.6014686,30.10475,0.39223814,-2.472885,-22.095644,7.219512,-3.8499157,-5.025967,-13.222253,-9.587586,-2.384897,1506.8899816417613,1265.1709190727677,2601.934523809524,157.6611162184088,25.466918689046082,male
trimmed_common_voice_en_42693207.mp3,-288.52194,120.35067,-4.6150465,53.343685,10.163198,1.0642269,-20.396431,7.2178097,-13.275719,-2.7497702,-10.625722,-10.304365,-3.9834802,1168.1650806854145,1139.8575411034903,2145.3373015873017,132.87416686471263,35.47744851547527,male
trimmed_common_voice_en_42693213.mp3,-315.05734,88.673996,-14.387077,40.85689,8.691523,4.246405,-30.130453,4.1810827,-3.6120534,-5.8583097,-17.170996,-7.542151,-4.6121984,1704.347581726224,1403.7053276427469,3012.4007936507937,153.8989761161246,16.610549049691247,male
trimmed_common_voice_en_42693214.mp3,-333.2471,110.07164,-7.845107,27.01382,-9.727071,8.559386,-13.915232,2.223157,-7.0131745,-3.569082,-7.5227976,-7.3948727,-3.003641,1484.2962798291437,1287.2235222435268,2603.6706349206347,143.0766217911118,17.51531367245056,male
trimmed_common_voice_en_42693215.mp3,-292.0581,107.704124,-1.8113679,43.608196,14.256998,5.1184354,-21.086542,2.2080407,-11.123841,-6.235762,-16.698174,-6.8236146,-6.8187084,1306.4061178162287,1157.2140450708366,2263.3928571428573,154.29830182356358,24.270848307693285,male
trimmed_common_voice_en_42693221.mp3,-339.52567,100.02499,-6.664327,32.15625,5.6204534,5.6054597,-20.468054,7.4484415,-8.317064,0.27025235,-8.014515,-8.903358,-1.9547482,1626.3638307175606,1270.934060919369,2721.9742063492063,144.36350430448604,14.842018828800057,male
trimmed_common_voice_en_42693222.mp3,-298.28705,92.551476,-16.84893,37.325756,1.403436,7.1834807,-26.734444,2.3849158,-7.3920226,-1.7173032,-10.0458765,-5.9729843,-5.960812,1712.2554662016476,1292.1313869978783,2935.0198412698414,142.95208786032543,14.52511689680349,male
trimmed_common_voice_en_42693228.mp3,-305.0658,99.37425,-2.388875,36.42196,-5.8335986,4.2328415,-9.150428,4.2534227,-12.900053,-4.0670276,-13.215704,-6.6807837,-3.7118216,1495.9761749957288,1314.6532439796486,2678.3234126984125,144.1194416807419,8.906584822359328,male
trimmed_common_voice_en_42693239.mp3,-305.18814,98.45686,-8.392367,47.01653,14.77625,4.0411725,-24.293814,5.120284,-8.720529,-3.6314845,-9.100807,-11.302793,-6.4989924,1587.4620659418406,1307.5119222022552,2771.3293650793653,145.9851423660113,15.865515328820452,male
trimmed_common_voice_en_42693245.mp3,-306.79272,100.09641,6.5816717,14.175569,3.5615554,3.1698015,-11.146356,0.21166465,-12.6625595,-2.6407235,-13.252057,-1.8080132,-6.569054,1679.1418021912675,1423.3593303780103,2916.9146825396824,148.84940245501497,18.90585753946799,male
trimmed_common_voice_en_42693246.mp3,-302.5406,96.462326,-7.0673647,28.680315,-2.5686674,1.8117076,-24.002365,0.6581091,-9.39412,-5.323829,-7.0194383,-4.5353403,-10.143612,1788.1832848516608,1231.2750653536245,2904.2658730158732,149.1265353018178,13.012962845342345,male
trimmed_common_voice_en_42693252.mp3,-305.84344,81.49566,-6.4222746,40.056717,15.444904,5.7674537,-21.280983,7.4389706,-12.232429,-6.1886864,-15.17335,-1.748274,-6.1405263,1747.6130112793246,1346.9910830002857,3004.9603174603176,143.9908954777902,12.393593544161474,male
trimmed_common_voice_en_42693253.mp3,-331.6306,105.67047,3.4084892,48.86165,6.125438,4.855114,-9.395149,5.7554784,-12.054331,-9.92008,-9.667297,-6.818308,-6.581632,1239.788605379697,1318.7813664348575,2346.7261904761904,142.39401272053362,10.749690503685242,male
trimmed_common_voice_en_42693259.mp3,-332.96918,105.80338,-6.7172894,30.815397,4.73145,5.5999517,-16.401604,2.9725056,-9.057658,-2.9408967,-10.297813,-6.722732,-2.9963746,1551.4131707058789,1161.6383240801008,2409.722222222222,145.45388035103355,10.473607338243719,male
trimmed_common_voice_en_42693265.mp3,-289.08173,119.953476,-15.000121,35.96169,18.456656,9.879693,-21.513311,-1.3141327,-9.255075,-3.6513178,-15.168569,-6.4285054,-4.99746,1217.6807845405256,1108.9531025872197,2146.8253968253966,149.54724819728096,13.422615302178048,male
trimmed_common_voice_en_42693267.mp3,-358.35065,122.294914,2.5902758,24.275537,12.705867,8.530111,-13.405223,-0.5153369,-8.489555,-4.5322375,-13.374775,-5.9348626,-1.780389,1427.3986749825633,1171.0751953721724,2450.8928571428573,137.91691828307114,8.694236730802436,male
trimmed_common_voice_en_42693269.mp3,-276.78967,78.96645,-8.87197,51.579887,13.756144,1.4974037,-22.405127,10.01099,-13.598178,-6.868561,-13.345608,-5.525705,-6.7860465,1642.5206530813464,1280.6985204414725,2878.2242063492063,147.26149957645686,9.756700976418328,male
trimmed_common_voice_en_42693272.mp3,-325.97842,93.30206,-6.830846,23.628368,1.5133773,10.420298,-22.298302,3.111074,-7.19011,-3.7826464,-15.872069,-4.2790394,-0.34329584,1764.0879059346664,1304.2729584608535,3037.2023809523807,142.76649725931352,16.048019067784516,male
trimmed_common_voice_en_42693289.mp3,-336.12,64.066124,5.520466,27.699171,2.5894325,7.779345,-16.58688,4.787919,-9.160128,-8.113316,-12.368455,-4.750296,-5.504094,2174.904844638401,1428.6467800586263,3509.6726190476193,155.55992919213662,23.83864102020517,male
trimmed_common_voice_en_42693290.mp3,-281.0023,81.63135,6.6700892,38.320187,-0.7445387,8.002224,-16.118368,1.635448,-12.965324,-9.204067,-13.769058,-3.7661307,-9.369655,1810.647579393786,1429.408459861071,3096.9742063492063,149.23138246179633,15.879815106784884,male
trimmed_common_voice_en_42693296.mp3,-296.7694,143.5059,-0.52290875,25.584515,0.6317202,-6.2043004,-11.938382,12.493194,-16.03829,-7.1598907,-10.948183,-7.606173,-5.707302,1151.2872789125618,1038.104405850839,1886.656746031746,143.43931196778635,9.610860791014673,male
trimmed_common_voice_en_42693302.mp3,-293.48325,135.5803,-23.789701,25.005255,27.33568,11.640111,-30.354404,1.1941774,-11.152681,-6.129436,-13.860835,-12.704709,0.07304564,1143.3754865997355,1138.3944167222173,2234.126984126984,143.26114954882425,13.671117588654173,male
trimmed_common_voice_en_42693303.mp3,-311.6051,96.59071,-3.237216,33.520206,5.8182487,5.757172,-10.949093,5.8373184,-9.256389,-0.49277294,-8.077134,-7.378226,-3.5165517,1529.6803184836083,1413.2796979781467,2831.1011904761904,126.60901477746509,15.424627891086187,male
trimmed_common_voice_en_42693314.mp3,-331.80573,106.45796,-8.872923,43.569073,13.300493,-2.3680499,-5.24503,1.1817228,-15.984422,-9.28798,-12.867846,-6.0214643,-5.176877,1302.0446401122108,1281.413584109801,2352.4305555555557,145.65779585934519,15.507526995674453,male
trimmed_common_voice_en_42693315.mp3,-336.4434,97.80819,-4.128149,37.676205,7.4365077,6.942493,-12.762832,1.3834225,-11.069301,-7.3753195,-11.585555,-6.0606637,-5.0609174,1488.8816972476106,1438.7632913373247,2803.0753968253966,136.78156578397937,14.373198390178871,male
trimmed_common_voice_en_42693371.mp3,-324.22864,129.48259,-4.403689,29.450176,3.4561265,-8.495395,-13.346303,-8.742948,-14.339946,-1.9931997,-6.075275,-9.03772,-7.631386,1271.9108353585893,1125.3031777048789,2252.9761904761904,143.47116109294706,11.055538021240315,male
trimmed_common_voice_en_42693451.mp3,-309.1801,138.95103,3.9610238,37.884228,0.19188364,-19.426228,-18.030907,-9.077989,-10.997419,-4.4431624,-4.0596404,-13.354074,-9.583044,1068.3641511605676,1081.2067794536829,1922.8670634920634,149.72172532821062,12.609891152837994,male
trimmed_common_voice_en_42693452.mp3,-305.88263,125.562355,7.3086967,37.602436,0.84560263,-8.790698,-17.516037,-4.8380938,-18.9575,-3.875402,-1.5856088,-12.73609,-7.1594453,1249.7113468179634,1179.045719728589,2244.5436507936506,143.1053486934214,19.544244127448163,male
trimmed_common_voice_en_42693456.mp3,-283.17722,113.63492,-0.024455419,40.157204,8.400289,-16.708874,-25.642141,-2.2386868,-12.421436,-5.00552,-3.8676324,-12.777236,-5.409417,1433.8066332529627,1177.0875279771792,2425.595238095238,136.97121541708395,26.610804999424087,male
trimmed_common_voice_en_42693459.mp3,-371.81458,137.84875,-3.0082443,36.507774,7.6649294,-18.288572,-18.842382,-5.6557045,-7.588789,-1.2091774,-1.954196,-10.831759,-1.148947,1146.6269974678705,1071.7579507611783,2057.2916666666665,135.02385562659012,10.751233261254667,male
trimmed_common_voice_en_42693469.mp3,-303.6871,80.43511,8.420298,46.090744,-1.5402764,-4.8927884,-18.638718,-8.18251,-11.280382,-4.75477,-3.8558552,-4.9677916,-9.972724,1864.4430548701619,1278.6410785699225,3000.248015873016,137.33715430600483,12.44963427098656,male
trimmed_common_voice_en_42693470.mp3,-332.22897,125.24147,12.268722,41.782887,-7.487891,-12.200715,-13.078276,0.5930186,-17.811813,-1.6628877,-5.0004888,-11.166908,-5.8706894,1331.104824243065,1094.763584089723,2175.595238095238,144.16757287359033,13.948984699959304,male
trimmed_common_voice_en_42693471.mp3,-337.30902,116.018,7.823714,35.932076,2.7486541,-14.50451,-14.8959255,-3.3748047,-14.79992,-5.7464843,-0.31565225,-13.727852,-6.7901473,1383.6885204335224,1332.9449046368734,2616.5674603174602,154.4063858220912,17.06532660813239,male
trimmed_common_voice_en_42693477.mp3,-289.82907,90.79343,5.9538956,53.164604,14.136792,-17.011972,-19.945366,-1.5742811,-16.656195,-4.143463,-6.157215,-9.928028,-9.069657,1637.2225844158293,1288.0609439492098,2746.527777777778,143.80410311173847,16.757196110868442,male
trimmed_common_voice_en_42693478.mp3,-335.44827,100.83347,4.3743415,43.84347,10.583002,-13.230827,-16.915697,-7.0032516,-11.122608,-9.725934,-5.0184984,-8.676192,-9.717307,1435.4977928345438,1249.2217581832838,2546.875,158.0408541434438,17.310399842607534,male
trimmed_common_voice_en_42693485.mp3,-327.69467,88.19257,6.4268208,33.504543,-8.093684,-6.473269,-15.472088,-3.4726453,-14.715452,-2.3955786,2.0420754,-11.651893,-5.133749,1673.5017772361573,1457.2229010055896,3026.5376984126983,143.5917804132689,15.850052681591768,male
trimmed_common_voice_en_42693495.mp3,-285.20483,85.18351,1.1189498,53.90593,3.4750934,-9.019881,-22.736502,1.7732078,-21.654242,-3.7168922,1.9855118,-14.212155,-8.746376,1581.329144886206,1316.201737276421,2775.2976190476193,149.89932408086335,14.484395690781108,male
trimmed_common_voice_en_42693499.mp3,-339.50882,91.08939,-10.467203,49.52235,14.707371,-14.978448,-22.809526,-0.94782513,-10.104347,-2.8390226,-5.4545593,-9.1291275,-5.311811,1789.5859557860151,1363.1225775560838,3185.2678571428573,156.4873874409827,17.605502357011733,male
trimmed_common_voice_en_42693504.mp3,-339.04727,115.99462,6.04998,37.085526,6.5843387,-12.426784,-8.135532,1.9430326,-18.928896,-5.0667257,1.7573284,-10.646038,-8.110842,1192.7051697458107,1298.2769979910884,2283.4821428571427,140.67025096141404,13.567631824881454,male
trimmed_common_voice_en_42693515.mp3,-324.91498,129.36188,9.50725,43.77514,7.887067,-9.910173,-6.2561803,-3.7097983,-15.087638,-6.4724874,0.5911034,-10.417341,-8.859858,1106.2921903497388,1100.623227161895,1811.5079365079366,144.5370358577166,11.86466076481624,male
trimmed_common_voice_en_42693518.mp3,-285.75494,84.788864,7.875644,47.450333,4.2934427,-5.954339,-14.628175,-2.8304217,-12.629202,-6.972873,-0.5384137,-7.59025,-9.111486,1778.3692541355792,1397.2811408051132,2989.5833333333335,143.56294160571335,12.966223408989617,male
trimmed_common_voice_en_42693521.mp3,-303.88538,93.04373,17.229849,26.091055,-8.078063,-5.821693,-22.075653,-3.0188684,-11.766011,-6.9273934,2.4354546,-10.720874,-8.931386,1809.507805240663,1309.424934120629,2929.563492063492,153.97151120473782,14.423185913154102,male
trimmed_common_voice_en_42693524.mp3,-243.4495,105.72664,10.320505,28.08977,-9.729469,-2.0673099,-16.096746,-4.0604544,-18.141825,-7.8661647,-8.5510235,-4.15929,-4.2030425,1392.658562577149,1386.0378165149439,2574.9007936507937,157.80525255226283,13.627226051640568,male
trimmed_common_voice_en_42693535.mp3,-323.3187,79.252075,7.9377546,37.961166,-12.644892,5.2876973,-19.900925,-3.1179721,-11.92713,-3.8966103,0.57226896,-8.533083,-9.395219,1949.6412638294714,1456.0158219484829,3388.6408730158732,134.5625282601298,38.05118646425273,male
trimmed_common_voice_en_42693543.mp3,-359.45163,143.54863,-1.4220433,39.512455,14.05086,-11.892048,-10.120679,2.7912724,-9.821498,-6.2777634,-5.594588,-9.304577,-3.796726,1038.1572693909673,950.2249671945466,1702.876984126984,138.12027816452684,17.37931150298207,male
trimmed_common_voice_en_42693546.mp3,-382.0084,119.631775,-17.829609,37.171112,22.518614,-10.794303,-16.329086,-5.9410777,-7.7219124,1.9202398,-5.563644,-8.187965,-3.557198,1314.2283657488608,1077.7165251775118,2314.7321428571427,147.8265491484152,18.30056011416395,male
trimmed_common_voice_en_42693552.mp3,-256.15012,78.97579,5.355241,40.47626,-12.524204,-0.38254496,-20.855898,-0.08690115,-7.4491315,-9.536417,-2.2572463,-4.7251143,-15.525018,1874.6368184893106,1300.304710729574,3004.464285714286,158.6680895679086,19.80835883056591,male
trimmed_common_voice_en_42693558.mp3,-324.27643,83.783104,8.866906,48.30286,-3.499137,-3.7551382,-22.358374,-0.36300907,-21.779175,-5.7900743,-0.41141394,-12.239395,-6.1604986,1622.4411623833441,1458.2401251160654,3031.9940476190477,149.2495344092436,20.240715529555306,male
trimmed_common_voice_en_42693564.mp3,-339.22818,118.36594,-6.3684855,32.47856,-1.4274375,-10.189925,-16.400963,-7.1789002,-14.150917,-4.5998225,-0.46367148,-6.0569987,0.970339,1418.9032859422098,1216.3448638807379,2506.6964285714284,136.6976830359619,9.18827984739838,male
trimmed_common_voice_en_42693571.mp3,-341.18762,116.420525,-17.561016,27.965197,0.6730605,-12.628439,-12.646798,-9.297649,-11.281468,-2.0721703,-5.0993958,-3.7283363,-9.238803,1325.5929095864005,1298.2079269997869,2448.90873015873,148.21628099489766,19.83913638164956,male
trimmed_common_voice_en_42693574.mp3,-289.9109,110.81328,6.6111164,39.30745,11.1113825,-17.656261,-13.661417,-7.6348467,-20.152279,-2.3891943,-3.6526732,-6.711928,-11.878019,1434.799542680232,1256.82894334839,2561.5079365079364,143.08456872534677,14.186269802172642,male
trimmed_common_voice_en_42693577.mp3,-253.47191,137.86974,-3.677981,29.026981,6.1413646,-12.050354,-20.885109,-11.452034,-20.53373,0.7776448,-3.0025175,-10.079035,-3.8673804,1159.9731188884,1091.3610864198236,2068.7003968253966,144.8199070535887,11.728941453436775,male
trimmed_common_voice_en_42693578.mp3,-311.72095,129.01906,6.137949,39.527885,10.159701,-11.507106,-11.161831,-4.066552,-22.044664,-0.24407771,1.6400096,-10.089001,-7.267013,1112.6195121763838,1168.7197281806864,2168.6507936507937,142.1960671099365,18.527072555282878,male
trimmed_common_voice_en_42693579.mp3,-322.57974,119.16478,10.757613,30.468885,-12.191142,-14.304782,-1.7152743,-9.096664,-22.25805,-4.044809,-5.8650856,-3.3968158,-19.683266,1390.370248612168,1175.4318701775703,2427.8273809523807,143.89521638694313,16.0122414346149,male
trimmed_common_voice_en_42693589.mp3,-345.5049,156.31631,-5.596439,23.1415,10.700021,-16.501293,-11.027133,-7.3068156,-10.79703,-9.083642,-12.659749,-0.66740286,-4.211369,929.6481706337329,982.2691274976319,1727.9265873015872,134.44524406911356,14.033914923268894,male
trimmed_common_voice_en_42693591.mp3,-295.45108,124.260185,6.197074,49.494717,-5.822329,-24.880209,-6.883366,-4.568372,-15.2014265,-6.730625,-16.004972,1.7948383,-9.26756,1266.112681632878,1153.2845703964986,2351.686507936508,138.5298488327992,10.880567323339788,male
trimmed_common_voice_en_42693592.mp3,-317.84225,97.67729,1.9068708,45.691105,-2.4619257,-23.763794,-8.473365,3.0723279,-19.09332,-3.0792377,-14.183911,5.317206,-5.574735,1550.6951911808135,1311.0675069737,2677.8273809523807,153.63531713280156,16.088673422891997,male
trimmed_common_voice_en_42693595.mp3,-371.8405,121.9315,11.030123,21.19725,4.459904,-7.351586,-10.5818815,-0.5754542,-15.431543,-1.8953959,-9.901998,-1.2618237,-6.0391617,1333.463415084077,1336.1139901049635,2626.4880952380954,130.18680092270895,8.91435984208697,male
trimmed_common_voice_en_42693596.mp3,-310.57666,117.44602,12.13744,37.182247,-14.153303,-19.547289,-9.775451,9.305434,-20.436602,-5.769904,-6.9173617,-1.8595572,-5.9636974,1355.8356934830097,1195.2535114737116,2279.2658730158732,146.73964675898895,29.345300681309745,male
trimmed_common_voice_en_42693598.mp3,-306.4023,84.48145,6.87438,33.586338,-6.5557756,-22.62533,-13.451914,1.1970274,-21.020643,-3.22175,-7.289037,-1.2323364,-9.410729,1760.3853170459583,1467.9544530738085,3236.6071428571427,147.90335760928753,22.15203519612782,male
trimmed_common_voice_en_42693601.mp3,-315.85873,146.14009,14.879706,43.73575,-0.27441224,-22.841629,-10.163139,3.9875522,-22.661919,-8.056013,-11.265362,-7.4750466,-5.3387837,793.8869725181814,955.9818855529636,1363.343253968254,141.21694004831173,16.221204752223418,male
trimmed_common_voice_en_42693603.mp3,-288.88785,116.08165,6.85296,43.706924,-0.4099566,-22.86819,-12.666245,5.623691,-16.272903,-6.6644635,-15.366962,-0.2976239,-5.5884595,1426.329855936163,1207.1767589855053,2468.0059523809523,153.83018880010985,19.26674065649713,male
trimmed_common_voice_en_42693604.mp3,-335.6249,116.10389,14.679356,41.105873,-7.3920608,-23.624609,-6.538185,6.2241025,-19.141434,-4.2557044,-8.401076,-1.3566678,-6.872685,1338.4878873111293,1200.8650402161293,2333.5813492063494,146.54404050917228,19.70441057376397,male
trimmed_common_voice_en_42693605.mp3,-314.09497,153.55582,18.663645,35.906647,3.0447426,-27.071991,-11.629566,5.3506093,-21.549192,-7.815478,-13.732481,-1.0029515,-6.688765,1007.5169188186552,1011.1556103528825,1765.1289682539682,142.87688717200285,20.091854605271955,male
trimmed_common_voice_en_42693607.mp3,-333.03458,117.4288,12.010749,26.131655,-12.20677,-22.538107,-11.346799,2.0734851,-14.390004,-6.6487517,-11.864475,-0.94618684,-5.845551,1579.904567621266,1249.8460932723474,2615.8234126984125,141.49298566115627,16.806191428565167,male
trimmed_common_voice_en_42693617.mp3,-340.53714,95.08664,13.500126,33.245464,-12.037744,-22.958525,-17.384346,5.6920247,-14.466419,-6.766056,-15.571001,-1.828191,-3.656026,1739.2953924747062,1296.847479024951,2857.1428571428573,159.06324645500868,24.633722463154985,male
trimmed_common_voice_en_42693619.mp3,-397.35263,118.49893,10.530774,18.728966,-9.914917,-10.723723,-2.2713008,-12.981496,-11.659886,0.884057,-1.846371,-1.9469749,-5.8118873,1261.7377137091646,1223.9132397545804,2252.7281746031745,146.82408677259397,27.422283018760943,male
trimmed_common_voice_en_42693623.mp3,-337.17456,83.71871,-1.4596868,50.095303,3.419051,-20.15297,-16.619457,1.2868686,-22.443819,2.2415617,-11.943309,-4.2190075,-5.611188,1753.4373314545987,1365.0641383092232,3075.3968253968255,147.69567927592306,10.603429220021459,male
trimmed_common_voice_en_42693628.mp3,-295.19986,121.51248,7.917684,51.562923,1.5361105,-16.098852,-5.684603,-6.3659954,-27.840506,1.016257,-7.287537,-7.969785,-10.276517,1085.1259312816776,1166.0046837629172,2039.6825396825398,136.8404282823351,10.495277701694455,male
trimmed_common_voice_en_42693637.mp3,-340.00586,105.56558,-6.380986,23.28445,-14.597526,-9.408135,-11.790597,-3.9193926,-16.35225,1.3535213,-0.35887745,-1.8286006,-7.5581136,1666.1989887460657,1248.6036586908049,2834.5734126984125,137.71832480905664,3.997626317909171,male
trimmed_common_voice_en_42693643.mp3,-325.48572,123.2114,-10.12982,22.482962,-12.424214,-7.902697,-11.294424,-5.9141145,-16.501421,2.875515,-1.7868829,-4.719416,-11.51392,1431.6172688379884,1222.1589671858685,2458.0853174603176,143.80306720467067,10.811432284877773,male
trimmed_common_voice_en_42693651.mp3,-286.22116,95.10257,10.207321,45.934227,-3.433583,-11.908886,-22.19682,-2.8654542,-24.476555,-6.6271434,-3.2798026,-8.828223,-10.185775,1597.525178100885,1294.181905015317,2676.339285714286,152.2038024655023,44.02620743765704,male
trimmed_common_voice_en_42693654.mp3,-300.3867,103.13319,22.380814,32.69362,3.9824288,-8.870557,-13.665176,-1.9894568,-32.252296,-2.5409482,-2.0515358,-14.757258,-5.8312936,1333.1871973196785,1398.2629857331638,2551.339285714286,166.4612319334307,26.015191962283502,male
trimmed_common_voice_en_42693657.mp3,-318.7864,108.49132,-7.483438,37.209064,1.5120324,-7.3593354,-18.483736,-6.400262,-21.253313,1.4068451,-2.7472923,-6.7444634,-8.114684,1462.9860473803337,1295.7106343494168,2683.531746031746,150.09940673607684,13.462400105158395,male
trimmed_common_voice_en_42693658.mp3,-303.37274,122.80667,12.506253,23.187304,-14.910861,-11.081993,-14.007346,-5.257344,-16.817299,-2.2836115,-7.4949884,-5.0048356,-6.367558,1347.573746628575,1271.6624545708682,2444.940476190476,154.94586157760395,14.015513565301989,male
trimmed_common_voice_en_42693659.mp3,-335.54272,126.89881,33.3743,30.539047,-19.6439,-18.765444,-13.112444,-10.108818,-18.33267,6.4498925,-5.9459805,-7.6216536,-4.8508244,1360.3260074947698,1121.8426748359161,2189.2361111111113,150.32872886381463,23.773189565431387,male
trimmed_common_voice_en_42693660.mp3,-354.4983,100.14419,0.21047175,39.514755,-0.28419465,-11.266676,-13.0107765,-3.707616,-20.50337,-3.8338592,-2.5536475,-7.1617117,-9.37145,1631.1219023907067,1333.1670709706875,2961.5575396825398,138.31456465903744,10.083285429764187,male
trimmed_common_voice_en_42693661.mp3,-279.41,79.4632,6.420322,19.180172,0.8569203,15.814076,-28.859531,3.8534577,-16.754608,0.7155242,-15.116082,-12.891789,7.5631585,1969.9407117305084,1441.440156420391,3202.1329365079364,148.75180030231576,9.72074923421786,male
trimmed_common_voice_en_42693663.mp3,-312.16937,121.9528,15.919489,34.048794,15.285685,4.9852576,-7.009895,-9.283207,-23.064344,-4.31388,-8.50616,-15.477003,5.8411574,1099.7036591603744,1196.6754744357393,2012.8968253968253,145.52468502614684,6.896075880200664,male
trimmed_common_voice_en_42693669.mp3,-317.09305,152.94844,19.99628,30.818695,12.806077,3.2705734,-9.296143,-14.639673,-22.537611,-5.5481606,-11.205108,-8.43418,2.946624,729.1807587055465,995.2115860832894,1289.6825396825398,144.59692294708918,14.918453204893998,male
trimmed_common_voice_en_42693672.mp3,-296.9054,125.94531,-5.575968,23.595282,10.824518,10.256663,-14.404632,-13.171852,-11.983543,-2.4451602,-16.155014,-7.6853433,5.5157022,1196.0419126535248,1158.6479082904468,2136.656746031746,139.03994169805392,14.59586212831946,male
trimmed_common_voice_en_42693673.mp3,-307.13702,127.433815,-0.25980398,23.019188,16.347424,14.226958,-24.0657,-7.6526365,-13.998295,-1.490379,-12.717208,-8.064236,4.66015,1209.4300185786392,1135.2171290753067,2060.0198412698414,139.94958552909608,8.590584846487308,male
trimmed_common_voice_en_42693674.mp3,-280.71194,121.80966,10.4177265,36.50778,19.542166,7.6969995,-19.668337,-7.277312,-19.554735,-1.910471,-12.043288,-10.676028,2.106412,1127.0635368673213,1200.0185509455498,2015.376984126984,151.19386869757554,22.543795367365618,male
trimmed_common_voice_en_42693675.mp3,-266.74286,116.78977,13.190394,24.352587,12.973603,14.004203,-23.638409,-9.4817,-11.029377,-4.0895786,-12.122961,-7.7777634,7.4270067,1423.1715369653105,1158.404897509093,2222.96626984127,145.29824435563145,12.24049596944982,male
trimmed_common_voice_en_42693676.mp3,-280.47745,131.6944,9.754282,35.991756,12.191537,7.817962,-18.13618,-14.622336,-13.365006,-4.4338765,-6.5886793,-6.0513687,2.1300883,1028.5954863875984,1066.4346176286504,1772.0734126984128,148.51438346663394,15.948081129782103,male
trimmed_common_voice_en_42693677.mp3,-337.81012,85.02999,4.7423286,40.09152,12.881778,5.024354,-16.639194,-9.51893,-15.065924,-3.1303747,-14.298349,-4.9529214,4.126674,1564.0419443099963,1358.3319254431972,2766.6170634920636,143.62789261998913,10.18950941468337,male
trimmed_common_voice_en_42693678.mp3,-278.79205,144.57083,6.66782,26.313152,3.3571713,2.3555028,-18.084188,-12.984825,-18.854956,-5.9929247,-8.827013,-8.9559355,1.1615095,959.4856855373671,1014.7781886354541,1642.609126984127,154.863210833236,18.580000881684793,male
trimmed_common_voice_en_42693679.mp3,-267.96536,94.39885,4.6946135,30.33299,8.883285,5.4597554,-16.276474,-14.341664,-18.301725,-3.1664822,-11.982177,-6.7532125,0.9274412,1674.130680117377,1229.6804225487808,2780.0099206349205,150.14778744342172,8.193269064829714,male
trimmed_common_voice_en_42693685.mp3,-323.17474,92.49373,20.140068,46.953857,13.511374,1.9304274,-16.804665,-2.9756906,-16.854471,-8.200145,-6.150453,-12.283084,0.51501256,1422.723377124081,1352.3090500141898,2505.7043650793653,156.24106187453975,18.787776878223877,male
trimmed_common_voice_en_42693686.mp3,-320.11182,121.99349,-1.9244624,29.855726,17.12991,1.5521494,-24.054663,-6.820741,-11.562282,-9.548088,-9.419856,-3.0110357,3.2653825,1126.7852910627378,1234.4556271042359,2099.2063492063494,149.610050849458,16.52780605834935,male
trimmed_common_voice_en_42693688.mp3,-295.46942,130.27061,-3.8577354,21.790306,3.949508,7.407902,-21.059624,-10.586791,-10.762064,-6.7263126,-14.26761,-5.314005,3.064629,1240.7685223449848,1183.7666810737198,2302.0833333333335,146.61443374164483,11.14113163702132,male
trimmed_common_voice_en_42693689.mp3,-327.9815,135.76213,-3.0690746,15.577563,6.3944616,10.268217,-19.065714,-7.916013,-8.523976,-5.914372,-11.316336,-0.16610104,3.6637774,1185.797658525623,1143.2580623379583,2071.1805555555557,147.1097610004779,9.281287547228038,male
trimmed_common_voice_en_42693691.mp3,-276.52652,93.58555,17.098986,20.007029,5.2709613,10.460144,-27.36098,-3.3552744,-13.963987,-9.044883,-6.6793885,-5.2412205,2.6763513,1771.3441591284297,1341.188373942436,2931.0515873015875,148.7483798643255,13.647327880296034,male
trimmed_common_voice_en_42693695.mp3,-291.15604,122.3979,3.1022592,34.16834,19.86332,4.2333984,-21.165325,-10.005614,-10.984631,-11.829267,-8.772588,-5.2047534,1.4036818,1075.1380661475023,1182.627153721814,1927.3313492063492,145.62706353068845,18.01386104355956,male
trimmed_common_voice_en_42693700.mp3,-277.89536,112.219734,16.30339,40.689537,12.2291975,9.045223,-16.71146,-3.9581902,-15.625277,-8.223582,-9.579431,-7.9077187,-0.9623486,1190.54467780452,1195.9138228939998,1974.2063492063492,145.68055303911763,11.541260782824308,male
trimmed_common_voice_en_42693702.mp3,-312.52414,120.33542,0.36967596,40.468018,15.723505,4.6446576,-11.798329,-7.744332,-15.33572,-6.8668346,-12.902862,-3.2039456,-0.901805,1102.2617832136393,1190.4620991918234,1972.470238095238,149.55237069073826,9.798496266185522,male
trimmed_common_voice_en_42693703.mp3,-285.5325,136.9677,0.79511845,31.491434,23.994276,8.64993,-18.137743,-12.811248,-12.853207,-7.009857,-10.640723,-2.340588,1.3476002,1053.5354784262254,994.7762869722987,1764.6329365079366,140.12308393071729,10.523569678211919,male
trimmed_common_voice_en_42693736.mp3,-305.61,123.21133,9.164954,40.58229,11.920705,-0.53758496,-17.8173,-11.613112,-14.529708,-11.724283,-7.662798,-7.942904,-2.7862828,1110.5557507373578,1144.5423265170048,2029.513888888889,150.9251205109815,15.461309799987559,male
trimmed_common_voice_en_42693738.mp3,-338.58792,87.99757,0.60957074,41.58787,1.9529321,-15.90773,-29.937315,-0.14907527,-8.352557,-15.428224,-8.350032,-10.496322,-6.4852276,1661.6309368604482,1392.2988878396584,3065.7242063492063,178.14865114919382,20.411970949884612,male
trimmed_common_voice_en_42693739.mp3,-298.1762,87.93632,5.928426,21.562263,0.9666539,-3.4604733,-15.527244,-3.0851681,-9.104837,-7.752279,-12.979359,-7.663993,0.34068897,1692.0980878146079,1483.0610653215638,3038.938492063492,144.76211825341574,23.678739416545493,male
trimmed_common_voice_en_42693740.mp3,-282.42377,118.43731,6.405362,29.955942,5.283534,-7.8754478,-19.76698,-6.8122764,-9.792437,-7.5709133,-10.838577,-7.7273717,-7.7754197,1254.9176940610193,1156.5200196314486,2064.2361111111113,153.52973745045955,17.87451090878008,male
trimmed_common_voice_en_42693751.mp3,-307.34198,113.297005,-23.739397,36.17604,21.870686,-8.671532,-27.09277,-11.22958,-8.994236,-14.216658,-13.735191,-4.4898324,-7.7111187,1434.0172919890522,1233.6823804555333,2649.5535714285716,157.00705524812108,12.410436613234355,male
trimmed_common_voice_en_42693755.mp3,-277.1998,94.13774,0.97557807,42.7013,16.64316,-12.092311,-22.485312,0.73498464,-14.615704,-11.472527,-11.152664,-6.1808457,-7.69001,1529.4757013648216,1345.3803013459285,2757.688492063492,152.44581935846128,10.124046507491343,male
trimmed_common_voice_en_42693762.mp3,-323.3839,118.63266,13.076621,29.8047,4.2166734,-16.002977,-13.541621,-1.6928098,-18.868942,-11.133482,-8.384019,-6.7429404,-6.1382346,1236.687715286976,1448.1315270044308,2492.559523809524,147.50826448087716,13.060099938993833,male
trimmed_common_voice_en_42693763.mp3,-275.72653,90.87672,25.147291,33.02989,-3.2888966,-6.7049,-20.236298,0.6053349,-17.843508,-11.110121,-9.945958,-5.583704,-5.283271,1715.050853221289,1510.111716191811,3150.5456349206347,149.4467009504109,25.34452582982768,male
trimmed_common_voice_en_42693770.mp3,-351.67767,83.17282,9.130242,23.903484,-3.9517365,-16.763075,-20.649164,-2.6029255,-8.193241,-5.347073,-7.9796104,-3.0715885,-5.308114,1863.3518428561654,1525.6354691457177,3317.4603174603176,143.0184429568793,22.542528550214346,male
trimmed_common_voice_en_42693772.mp3,-299.71005,140.13013,3.1630337,21.905848,-4.120015,-3.3021753,-24.329609,-2.2441735,-18.699577,-10.070212,-6.085705,-11.457412,-4.980284,1179.147356579595,1117.1662495093362,2071.6765873015875,147.10310513050763,8.923261194229633,male
trimmed_common_voice_en_42693773.mp3,-282.72662,92.03157,-13.056215,12.650723,-9.302329,-5.3290706,-26.349796,1.4404876,-11.08526,-8.433404,-5.163403,-6.9457917,-4.9621253,1872.6729448590133,1311.0051388062438,3134.9206349206347,156.69885830436974,20.780263184214665,male
trimmed_common_voice_en_42693784.mp3,-338.28015,111.2234,8.358817,28.06625,-3.8189275,-11.269602,-21.768614,0.8158498,-12.667887,-7.442413,-7.3382945,-2.4410083,-3.6339998,1382.0055065221206,1369.2634819829766,2594.9900793650795,146.4751859187955,13.891332331029073,male
trimmed_common_voice_en_42693787.mp3,-321.51236,65.11556,7.7826123,33.42341,0.036981978,0.47788927,-23.938494,-0.34991685,-15.493451,-4.6605515,-6.193412,-5.552555,-9.351658,2139.5600781197513,1519.38698882556,3704.8611111111113,151.25957127311972,15.337915304249085,male
trimmed_common_voice_en_42693793.mp3,-294.0942,113.67638,-4.3644295,28.288988,7.7026396,-7.55604,-23.412651,-5.6964116,-14.938774,-3.5943809,-10.324965,-3.272391,-6.818947,1524.7181064580775,1245.5469721156671,2623.5119047619046,147.04082498854663,6.33729860785935,male
trimmed_common_voice_en_42693795.mp3,-286.89636,110.73774,3.9365234,27.603662,-4.300978,-15.620642,-22.918282,1.314493,-18.00855,-8.464892,-4.9992824,-9.228075,-3.725283,1435.5498876658924,1309.3483372828143,2588.0456349206347,143.1239824678282,8.704160542285841,male
trimmed_common_voice_en_42693802.mp3,-320.07916,65.56298,-4.13829,32.547558,4.299907,-2.8610008,-32.19033,4.6551595,-12.467591,-7.636716,-7.191547,-6.654275,-3.0600214,2171.992893872458,1526.6903039972306,3776.5376984126983,150.75839072396903,10.830562280746877,male
trimmed_common_voice_en_42693814.mp3,-295.96313,84.15924,21.517956,44.309628,2.2742903,-2.5694401,-19.045366,-6.2965407,-16.277166,-8.180828,-7.858321,-7.785297,-7.766364,1668.893037315793,1528.1164864988918,3184.2757936507937,141.0810624704538,15.67979318180679,male
trimmed_common_voice_en_42693816.mp3,-297.9089,80.20585,2.7552485,44.34927,1.7666514,-10.57258,-18.08432,-0.97873247,-14.678096,-9.742106,-6.536706,-3.9294374,-7.9584475,1738.0845230557438,1410.8622126442492,3110.1190476190477,140.97148891625613,12.085265804464228,male
trimmed_common_voice_en_42693817.mp3,-263.3125,105.241936,-3.5723674,25.767975,-9.953317,-2.2182105,-26.081694,3.9770288,-12.111442,-11.614211,-2.2470605,-3.479919,-6.7112384,1589.8727335624712,1268.3957238117835,2645.3373015873017,137.220856171444,22.64255322499342,male
trimmed_common_voice_en_42693825.mp3,-272.9606,90.80926,-3.4214177,34.588234,-2.1765559,-1.6906587,-23.249077,-9.180337,-15.761957,-8.120521,-10.999893,-3.7053835,-6.5013494,1675.1157683201993,1396.6098340964948,3111.1111111111113,149.69142804354567,8.931937416894462,male
trimmed_common_voice_en_42693827.mp3,-332.53522,112.008224,0.09135522,32.43758,11.468569,-7.453706,-18.30196,-6.409933,-11.895142,-8.806637,-11.205767,-5.251316,-6.352701,1271.6941019827345,1237.4478830359697,2356.3988095238096,141.95692964007188,16.37111601872535,male
trimmed_common_voice_en_42693841.mp3,-309.37854,111.68865,5.561527,30.642231,7.7183566,-1.9376312,-23.805183,-4.0272694,-15.194398,-5.161499,-10.007725,-6.857314,-7.920971,1408.5151008052096,1372.804285665011,2617.063492063492,145.7920058401952,16.686849639529854,male
trimmed_common_voice_en_42693855.mp3,-276.25073,117.772255,-6.043587,38.726246,-7.8925405,-12.016874,-25.470041,-2.134534,-14.024255,-8.339148,-7.273142,-4.3276978,-6.5413156,1361.8940208820318,1180.4239224635887,2360.3670634920636,141.36000200421964,4.580829912917012,male
trimmed_common_voice_en_42693856.mp3,-288.94116,144.59694,5.9616127,9.387213,-4.1055846,-13.065177,-21.310263,1.7135384,-14.25239,-8.1501465,-6.677066,-14.17047,0.34790713,1145.7320168965584,977.9117242176011,1724.454365079365,136.79147948356416,21.460656339104524,male
trimmed_common_voice_en_42693864.mp3,-305.0602,90.65355,4.763385,22.931053,-9.748059,-4.1355524,-29.102743,-4.5133033,-7.7341256,-8.709754,-10.859878,-3.9789386,-2.7065876,1922.6391396539784,1263.45783026834,3010.6646825396824,150.05780106010738,13.707528085235012,male
trimmed_common_voice_en_42693865.mp3,-314.4335,105.97921,10.180984,25.211845,-2.0495434,-12.908684,-19.735985,-8.058812,-11.552455,-6.409057,-11.104488,-5.6247344,-5.1301794,1560.9855157055708,1378.1930922386064,2828.125,143.38294364892596,17.403578920217313,male
trimmed_common_voice_en_42693871.mp3,-313.48178,121.48636,6.6770444,15.399454,-2.1382132,-17.159552,-23.45008,-1.3288203,-8.868301,-8.164864,-1.8269184,-6.127402,-9.11529,1558.25030144345,1223.8613257014222,2597.470238095238,141.65852864739483,12.243868313562535,male
trimmed_common_voice_en_42693876.mp3,-314.18365,104.395325,13.91449,15.504806,-8.35188,-10.062049,-18.420853,0.92077047,-15.052047,-8.485777,-3.3748126,-8.181024,-2.3119192,1504.532651747938,1511.3740794266646,2764.6329365079364,142.7625008426636,24.73265284219018,male
trimmed_common_voice_en_42693883.mp3,-309.86615,82.834885,9.525959,40.14404,15.284912,-6.0348763,-22.469835,-5.3268957,-16.254322,-6.0018673,-10.288914,-8.875704,-9.025717,1652.6070093793933,1502.8136540369655,3119.2956349206347,154.88251613296868,12.306587124912582,male
trimmed_common_voice_en_42693884.mp3,-341.17807,112.89692,0.36637017,36.63127,10.806682,-17.9555,-21.775173,-1.5313162,-18.41083,-10.151672,-7.814446,-4.954885,-6.2198586,1354.107694800975,1191.2272798993042,2461.8055555555557,143.17255940436695,13.290665768347617,male
trimmed_common_voice_en_42693885.mp3,-277.061,87.47031,4.5270085,18.25514,-30.773802,-3.7335217,-18.60926,3.8592396,-21.230751,-0.7346188,-8.328333,-9.972935,4.6950607,1894.3340077072294,1429.1726414063564,3168.8988095238096,140.62380707522033,24.56598136021332,male
